year,crop,window_start_dekad,crop_is_maize,cum_rain_since_sep1,onset_reached,last_dekad_rain,last3_rain,last3_anom_z,prev_dekad_wet,pre_jul_aug_mm,prev_mam_mm,prev_sond_total,pre_tmax_anom,p_rain_sufficient,p_dry_spell,p_temp_stress,risk_score,sim_margin_median,sim_margin_p10,label
1982,maize,25,1,0.0,0,10.5,21.9,-0.62,0,25.5,357.4,323.1,-0.522,0.975,0.118,0.0,0.048,63.9,21.4,suitable
1982,beans,25,0,0.0,0,10.5,21.9,-0.62,0,25.5,357.4,323.1,-0.522,0.894,0.09,0.013,0.083,33.5,-1.1,suitable
1982,maize,26,1,17.6,0,17.6,31.0,-1.225,0,25.5,357.4,323.1,-0.522,0.918,0.164,0.0,0.09,44.8,5.7,suitable
1982,beans,26,0,17.6,0,17.6,31.0,-1.225,0,25.5,357.4,323.1,-0.522,0.926,0.15,0.002,0.082,38.5,2.8,suitable
1982,maize,27,1,60.7,1,43.1,71.2,-0.253,1,25.5,357.4,323.1,-0.522,0.877,0.049,0.0,0.076,35.0,-3.6,suitable
1982,beans,27,0,60.7,1,43.1,71.2,-0.253,1,25.5,357.4,323.1,-0.522,0.977,0.047,0.002,0.026,52.2,20.3,suitable
1982,maize,28,1,100.6,1,40.0,100.6,0.79,1,25.5,357.4,323.1,-0.522,0.777,0.005,0.0,0.113,22.6,-14.1,suitable
1982,beans,28,0,100.6,1,40.0,100.6,0.79,1,25.5,357.4,323.1,-0.522,0.99,0.005,0.0,0.007,54.8,25.1,suitable
1982,maize,29,1,120.7,1,20.1,103.1,0.58,1,25.5,357.4,323.1,-0.522,0.567,0.002,0.0,0.217,4.9,-30.9,suitable
1982,beans,29,0,120.7,1,20.1,103.1,0.58,1,25.5,357.4,323.1,-0.522,0.984,0.002,0.001,0.009,45.9,19.0,suitable
1982,maize,30,1,164.4,1,43.7,103.8,0.039,1,25.5,357.4,323.1,-0.522,0.326,0.001,0.0,0.337,-14.9,-51.3,risky
1982,beans,30,0,164.4,1,43.7,103.8,0.039,1,25.5,357.4,323.1,-0.522,0.964,0.001,0.001,0.019,35.0,9.4,suitable
1982,maize,31,1,201.8,1,37.3,101.1,-0.656,1,25.5,357.4,323.1,-0.522,0.145,0.007,0.0,0.43,-36.6,-76.6,risky
1982,beans,31,0,201.8,1,37.3,101.1,-0.656,1,25.5,357.4,323.1,-0.522,0.6,0.007,0.004,0.203,5.1,-21.9,suitable
1982,maize,32,1,240.8,1,39.0,120.1,0.088,1,25.5,357.4,323.1,-0.522,0.212,0.002,0.0,0.395,-28.7,-67.8,risky
1982,beans,32,0,240.8,1,39.0,120.1,0.088,1,25.5,357.4,323.1,-0.522,0.275,0.0,0.005,0.363,-12.4,-39.6,risky
1982,maize,33,1,270.6,1,29.8,106.2,-0.661,1,25.5,357.4,323.1,-0.522,0.214,0.022,0.0,0.4,-31.1,-74.2,risky
1982,beans,33,0,270.6,1,29.8,106.2,-0.661,1,25.5,357.4,323.1,-0.522,0.05,0.014,0.02,0.483,-41.8,-68.8,risky
1983,maize,25,1,0.0,0,17.1,53.9,0.687,0,58.8,328.1,428.7,-0.407,0.993,0.032,0.0,0.013,70.6,33.3,suitable
1983,beans,25,0,0.0,0,17.1,53.9,0.687,0,58.8,328.1,428.7,-0.407,0.965,0.028,0.017,0.029,41.6,9.0,suitable
1983,maize,26,1,37.2,1,37.2,76.5,0.758,1,58.8,328.1,428.7,-0.407,0.984,0.013,0.0,0.012,56.9,21.0,suitable
1983,beans,26,0,37.2,1,37.2,76.5,0.758,1,58.8,328.1,428.7,-0.407,0.988,0.013,0.005,0.011,50.0,19.6,suitable
1983,maize,27,1,57.6,1,20.4,74.6,-0.087,1,58.8,328.1,428.7,-0.407,0.882,0.058,0.0,0.076,36.6,-2.5,suitable
1983,beans,27,0,57.6,1,20.4,74.6,-0.087,1,58.8,328.1,428.7,-0.407,0.984,0.058,0.003,0.026,54.3,21.0,suitable
1983,maize,28,1,86.8,1,29.2,86.8,-0.005,1,58.8,328.1,428.7,-0.407,0.776,0.011,0.0,0.115,21.1,-16.0,suitable
1983,beans,28,0,86.8,1,29.2,86.8,-0.005,1,58.8,328.1,428.7,-0.407,0.984,0.01,0.001,0.011,53.9,24.0,suitable
1983,maize,29,1,106.7,1,19.9,69.5,-1.272,0,58.8,328.1,428.7,-0.407,0.391,0.107,0.0,0.337,-9.5,-49.7,suitable
1983,beans,29,0,106.7,1,19.9,69.5,-1.272,0,58.8,328.1,428.7,-0.407,0.893,0.105,0.001,0.085,31.3,-0.9,suitable
1983,maize,30,1,149.7,1,43.0,92.1,-0.582,1,58.8,328.1,428.7,-0.407,0.289,0.007,0.0,0.358,-16.7,-56.2,risky
1983,beans,30,0,149.7,1,43.0,92.1,-0.582,1,58.8,328.1,428.7,-0.407,0.933,0.007,0.0,0.036,31.5,4.2,suitable
1983,maize,31,1,182.5,1,32.8,95.7,-0.909,1,58.8,328.1,428.7,-0.407,0.137,0.013,0.0,0.435,-37.4,-76.8,risky
1983,beans,31,0,182.5,1,32.8,95.7,-0.909,1,58.8,328.1,428.7,-0.407,0.59,0.012,0.006,0.21,4.9,-23.0,suitable
1983,maize,32,1,223.8,1,41.3,117.1,-0.063,1,58.8,328.1,428.7,-0.407,0.212,0.002,0.0,0.395,-27.4,-70.9,risky
1983,beans,32,0,223.8,1,41.3,117.1,-0.063,1,58.8,328.1,428.7,-0.407,0.268,0.0,0.007,0.367,-12.6,-39.6,suitable
1983,maize,33,1,250.9,1,27.2,101.3,-0.96,1,58.8,328.1,428.7,-0.407,0.183,0.037,0.0,0.42,-31.4,-75.0,risky
1983,beans,33,0,250.9,1,27.2,101.3,-0.96,1,58.8,328.1,428.7,-0.407,0.018,0.025,0.027,0.504,-42.8,-70.7,risky
1984,maize,25,1,0.0,0,34.7,43.1,0.247,1,78.2,290.1,384.2,-0.41,0.991,0.065,0.0,0.024,68.7,28.9,delay
1984,beans,25,0,0.0,0,34.7,43.1,0.247,1,78.2,290.1,384.2,-0.41,0.945,0.042,0.01,0.042,37.9,6.6,risky
1984,maize,26,1,15.0,0,15.0,55.3,-0.166,0,78.2,290.1,384.2,-0.41,0.96,0.068,0.0,0.04,50.7,11.9,suitable
1984,beans,26,0,15.0,0,15.0,55.3,-0.166,0,78.2,290.1,384.2,-0.41,0.969,0.064,0.01,0.037,45.0,12.8,suitable
1984,maize,27,1,36.0,0,21.0,70.6,-0.278,1,78.2,290.1,384.2,-0.41,0.879,0.053,0.0,0.076,36.4,-3.2,suitable
1984,beans,27,0,36.0,0,21.0,70.6,-0.278,1,78.2,290.1,384.2,-0.41,0.983,0.052,0.003,0.025,53.1,21.0,suitable
1984,maize,28,1,56.0,0,20.0,56.0,-1.774,0,78.2,290.1,384.2,-0.41,0.591,0.167,0.0,0.255,7.5,-36.0,suitable
1984,beans,28,0,56.0,0,20.0,56.0,-1.774,0,78.2,290.1,384.2,-0.41,0.923,0.166,0.001,0.088,38.4,2.7,suitable
1984,maize,29,1,121.5,1,65.5,106.5,0.762,1,78.2,290.1,384.2,-0.41,0.552,0.002,0.0,0.225,3.9,-33.8,risky
1984,beans,29,0,121.5,1,65.5,106.5,0.762,1,78.2,290.1,384.2,-0.41,0.989,0.002,0.001,0.006,44.4,17.6,suitable
1984,maize,30,1,144.7,1,23.2,108.8,0.302,1,78.2,290.1,384.2,-0.41,0.354,0.001,0.0,0.323,-11.4,-49.4,risky
1984,beans,30,0,144.7,1,23.2,108.8,0.302,1,78.2,290.1,384.2,-0.41,0.972,0.001,0.001,0.015,34.7,10.2,suitable
1984,maize,31,1,163.6,1,18.9,107.7,-0.349,0,78.2,290.1,384.2,-0.41,0.165,0.001,0.0,0.418,-31.8,-72.0,risky
1984,beans,31,0,163.6,1,18.9,107.7,-0.349,0,78.2,290.1,384.2,-0.41,0.687,0.001,0.003,0.157,8.6,-16.9,suitable
1984,maize,32,1,192.3,1,28.7,70.8,-2.4,1,78.2,290.1,384.2,-0.41,0.101,0.11,0.0,0.483,-43.5,-86.2,risky
1984,beans,32,0,192.3,1,28.7,70.8,-2.4,1,78.2,290.1,384.2,-0.41,0.13,0.098,0.004,0.465,-28.0,-57.4,risky
1984,maize,33,1,242.1,1,49.8,97.4,-1.198,1,78.2,290.1,384.2,-0.41,0.198,0.043,0.0,0.414,-29.9,-73.7,risky
1984,beans,33,0,242.1,1,49.8,97.4,-1.198,1,78.2,290.1,384.2,-0.41,0.04,0.029,0.03,0.495,-44.4,-71.4,risky
1985,maize,25,1,0.0,0,0.1,1.1,-1.468,0,7.9,376.0,366.6,-0.513,0.966,0.211,0.0,0.08,55.6,15.9,suitable
1985,beans,25,0,0.0,0,0.1,1.1,-1.468,0,7.9,376.0,366.6,-0.513,0.841,0.175,0.01,0.134,26.8,-7.4,suitable
1985,maize,26,1,45.1,1,45.1,45.3,-0.602,1,7.9,376.0,366.6,-0.513,0.948,0.088,0.0,0.052,49.6,10.5,suitable
1985,beans,26,0,45.1,1,45.1,45.3,-0.602,1,7.9,376.0,366.6,-0.513,0.948,0.084,0.004,0.052,42.2,10.2,suitable
1985,maize,27,1,70.1,1,25.0,70.2,-0.299,1,7.9,376.0,366.6,-0.513,0.855,0.062,0.0,0.091,35.4,-6.1,suitable
1985,beans,27,0,70.1,1,25.0,70.2,-0.299,1,7.9,376.0,366.6,-0.513,0.976,0.06,0.002,0.03,51.6,19.0,suitable
1985,maize,28,1,98.2,1,28.1,98.2,0.65,1,7.9,376.0,366.6,-0.513,0.785,0.004,0.0,0.109,24.1,-13.1,suitable
1985,beans,28,0,98.2,1,28.1,98.2,0.65,1,7.9,376.0,366.6,-0.513,0.988,0.004,0.002,0.008,55.5,26.3,suitable
1985,maize,29,1,129.5,1,31.3,84.3,-0.455,1,7.9,376.0,366.6,-0.513,0.496,0.023,0.0,0.259,-0.3,-37.8,suitable
1985,beans,29,0,129.5,1,31.3,84.3,-0.455,1,7.9,376.0,366.6,-0.513,0.967,0.023,0.0,0.023,41.2,11.9,suitable
1985,maize,30,1,165.4,1,36.0,95.3,-0.41,1,7.9,376.0,366.6,-0.513,0.294,0.005,0.0,0.354,-17.1,-55.4,suitable
1985,beans,30,0,165.4,1,36.0,95.3,-0.41,1,7.9,376.0,366.6,-0.513,0.938,0.005,0.002,0.033,30.9,5.1,suitable
1985,maize,31,1,198.7,1,33.3,100.5,-0.685,1,7.9,376.0,366.6,-0.513,0.15,0.006,0.0,0.427,-34.6,-73.4,risky
1985,beans,31,0,198.7,1,33.3,100.5,-0.685,1,7.9,376.0,366.6,-0.513,0.628,0.006,0.002,0.188,7.3,-22.7,suitable
1985,maize,32,1,234.4,1,35.7,104.9,-0.677,1,7.9,376.0,366.6,-0.513,0.176,0.015,0.0,0.417,-32.4,-75.0,suitable
1985,beans,32,0,234.4,1,35.7,104.9,-0.677,1,7.9,376.0,366.6,-0.513,0.202,0.009,0.007,0.403,-17.9,-46.2,suitable
1985,maize,33,1,280.9,1,46.5,115.5,-0.094,1,7.9,376.0,366.6,-0.513,0.251,0.007,0.0,0.377,-24.6,-70.1,risky
1985,beans,33,0,280.9,1,46.5,115.5,-0.094,1,7.9,376.0,366.6,-0.513,0.047,0.003,0.019,0.481,-38.0,-62.4,risky
1986,maize,25,1,0.0,0,1.7,6.9,-1.231,0,7.1,348.9,400.0,-0.22,0.973,0.19,0.0,0.071,58.8,20.1,suitable
1986,beans,25,0,0.0,0,1.7,6.9,-1.231,0,7.1,348.9,400.0,-0.22,0.882,0.153,0.028,0.11,29.4,-2.4,suitable
1986,maize,26,1,28.4,1,28.4,31.9,-1.185,1,7.1,348.9,400.0,-0.22,0.924,0.141,0.0,0.08,44.8,4.5,suitable
1986,beans,26,0,28.4,1,28.4,31.9,-1.185,1,7.1,348.9,400.0,-0.22,0.914,0.139,0.012,0.087,37.6,2.3,suitable
1986,maize,27,1,45.8,1,17.4,47.4,-1.385,0,7.1,348.9,400.0,-0.22,0.778,0.152,0.0,0.157,25.9,-16.6,suitable
1986,beans,27,0,45.8,1,17.4,47.4,-1.385,0,7.1,348.9,400.0,-0.22,0.938,0.151,0.003,0.077,42.5,9.5,suitable
1986,maize,28,1,66.0,1,20.2,66.0,-1.201,1,7.1,348.9,400.0,-0.22,0.676,0.079,0.0,0.186,15.6,-24.6,suitable
1986,beans,28,0,66.0,1,20.2,66.0,-1.201,1,7.1,348.9,400.0,-0.22,0.962,0.079,0.003,0.043,47.8,14.7,suitable
1986,maize,29,1,102.8,1,36.9,74.5,-0.998,1,7.1,348.9,400.0,-0.22,0.459,0.05,0.0,0.285,-3.3,-44.6,suitable
1986,beans,29,0,102.8,1,36.9,74.5,-0.998,1,7.1,348.9,400.0,-0.22,0.943,0.05,0.004,0.044,37.1,6.7,suitable
1986,maize,30,1,142.4,1,39.6,96.6,-0.341,1,7.1,348.9,400.0,-0.22,0.338,0.005,0.0,0.332,-16.5,-54.5,suitable
1986,beans,30,0,142.4,1,39.6,96.6,-0.341,1,7.1,348.9,400.0,-0.22,0.929,0.005,0.002,0.037,33.1,4.3,suitable
1986,maize,31,1,187.0,1,44.6,121.1,0.276,1,7.1,348.9,400.0,-0.22,0.162,0.001,0.0,0.419,-31.0,-69.0,suitable
1986,beans,31,0,187.0,1,44.6,121.1,0.276,1,7.1,348.9,400.0,-0.22,0.728,0.001,0.005,0.137,11.0,-14.4,suitable
1986,maize,32,1,229.0,1,41.9,126.2,0.395,1,7.1,348.9,400.0,-0.22,0.226,0.0,0.001,0.387,-27.1,-69.2,suitable
1986,beans,32,0,229.0,1,41.9,126.2,0.395,1,7.1,348.9,400.0,-0.22,0.258,0.0,0.015,0.374,-12.7,-38.6,suitable
1986,maize,33,1,265.4,1,36.4,123.0,0.363,1,7.1,348.9,400.0,-0.22,0.239,0.002,0.0,0.381,-22.7,-67.9,suitable
1986,beans,33,0,265.4,1,36.4,123.0,0.363,1,7.1,348.9,400.0,-0.22,0.035,0.001,0.058,0.494,-35.1,-61.2,suitable
1987,maize,25,1,0.0,0,20.4,41.5,0.179,1,43.1,384.5,401.5,0.019,0.985,0.064,0.0,0.027,67.9,29.6,suitable
1987,beans,25,0,0.0,0,20.4,41.5,0.179,1,43.1,384.5,401.5,0.019,0.93,0.046,0.06,0.061,38.7,5.8,risky
1987,maize,26,1,18.5,0,18.5,58.1,-0.044,0,43.1,384.5,401.5,0.019,0.957,0.072,0.0,0.043,53.0,14.3,suitable
1987,beans,26,0,18.5,0,18.5,58.1,-0.044,0,43.1,384.5,401.5,0.019,0.965,0.07,0.037,0.046,44.6,13.9,suitable
1987,maize,27,1,44.7,1,26.2,65.2,-0.538,1,43.1,384.5,401.5,0.019,0.87,0.064,0.0,0.084,34.6,-5.4,suitable
1987,beans,27,0,44.7,1,26.2,65.2,-0.538,1,43.1,384.5,401.5,0.019,0.976,0.062,0.021,0.035,49.1,18.1,suitable
1987,maize,28,1,105.2,1,60.5,105.2,1.053,1,43.1,384.5,401.5,0.019,0.797,0.008,0.0,0.104,22.8,-12.9,suitable
1987,beans,28,0,105.2,1,60.5,105.2,1.053,1,43.1,384.5,401.5,0.019,0.992,0.008,0.011,0.009,54.6,26.1,suitable
1987,maize,29,1,130.1,1,24.9,111.6,1.046,1,43.1,384.5,401.5,0.019,0.596,0.0,0.002,0.202,6.3,-29.1,suitable
1987,beans,29,0,130.1,1,24.9,111.6,1.046,1,43.1,384.5,401.5,0.019,0.988,0.0,0.006,0.007,46.1,18.3,suitable
1987,maize,30,1,180.3,1,50.1,135.5,1.723,1,43.1,384.5,401.5,0.019,0.336,0.001,0.001,0.332,-13.7,-53.7,suitable
1987,beans,30,0,180.3,1,50.1,135.5,1.723,1,43.1,384.5,401.5,0.019,0.958,0.001,0.014,0.024,36.1,7.5,risky
1987,maize,31,1,220.3,1,40.0,115.0,-0.006,1,43.1,384.5,401.5,0.019,0.166,0.004,0.0,0.418,-30.8,-72.4,risky
1987,beans,31,0,220.3,1,40.0,115.0,-0.006,1,43.1,384.5,401.5,0.019,0.689,0.004,0.014,0.16,10.2,-14.4,suitable
1987,maize,32,1,279.2,1,58.9,149.0,1.551,1,43.1,384.5,401.5,0.019,0.242,0.001,0.0,0.379,-24.7,-67.6,risky
1987,beans,32,0,279.2,1,58.9,149.0,1.551,1,43.1,384.5,401.5,0.019,0.313,0.0,0.036,0.351,-9.7,-33.2,risky
1987,maize,33,1,343.2,1,64.0,162.9,2.796,1,43.1,384.5,401.5,0.019,0.318,0.006,0.0,0.343,-18.5,-60.3,risky
1987,beans,33,0,343.2,1,64.0,162.9,2.796,1,43.1,384.5,401.5,0.019,0.087,0.002,0.094,0.476,-30.8,-56.3,delay
1988,maize,25,1,0.0,0,70.0,112.4,3.071,1,151.7,409.0,443.1,-0.541,0.998,0.002,0.0,0.002,75.8,39.2,suitable
1988,beans,25,0,0.0,0,70.0,112.4,3.071,1,151.7,409.0,443.1,-0.541,0.98,0.001,0.008,0.012,45.5,17.2,suitable
1988,maize,26,1,24.2,0,24.2,96.7,1.638,1,151.7,409.0,443.1,-0.541,0.987,0.001,0.0,0.007,59.5,21.8,suitable
1988,beans,26,0,24.2,0,24.2,96.7,1.638,1,151.7,409.0,443.1,-0.541,0.991,0.001,0.002,0.005,52.0,22.6,suitable
1988,maize,27,1,62.3,1,38.1,132.2,2.658,1,151.7,409.0,443.1,-0.541,0.93,0.002,0.0,0.036,42.4,5.2,suitable
1988,beans,27,0,62.3,1,38.1,132.2,2.658,1,151.7,409.0,443.1,-0.541,0.994,0.002,0.002,0.004,57.6,29.4,suitable
1988,maize,28,1,116.7,1,54.4,116.7,1.71,1,151.7,409.0,443.1,-0.541,0.796,0.005,0.0,0.103,24.4,-13.1,suitable
1988,beans,28,0,116.7,1,54.4,116.7,1.71,1,151.7,409.0,443.1,-0.541,0.994,0.004,0.001,0.004,55.7,26.6,suitable
1988,maize,29,1,170.7,1,54.0,146.5,2.964,1,151.7,409.0,443.1,-0.541,0.587,0.003,0.0,0.207,5.3,-30.5,risky
1988,beans,29,0,170.7,1,54.0,146.5,2.964,1,151.7,409.0,443.1,-0.541,0.987,0.003,0.0,0.007,45.0,19.2,risky
1988,maize,30,1,206.8,1,36.1,144.5,2.198,1,151.7,409.0,443.1,-0.541,0.347,0.001,0.0,0.327,-10.0,-48.3,risky
1988,beans,30,0,206.8,1,36.1,144.5,2.198,1,151.7,409.0,443.1,-0.541,0.965,0.001,0.001,0.018,36.3,11.3,suitable
1988,maize,31,1,240.8,1,34.1,124.2,0.42,1,151.7,409.0,443.1,-0.541,0.178,0.001,0.0,0.411,-30.4,-68.3,risky
1988,beans,31,0,240.8,1,34.1,124.2,0.42,1,151.7,409.0,443.1,-0.541,0.717,0.001,0.001,0.142,11.9,-13.6,risky
1988,maize,32,1,288.3,1,47.4,117.5,-0.04,1,151.7,409.0,443.1,-0.541,0.231,0.0,0.0,0.385,-25.0,-66.4,delay
1988,beans,32,0,288.3,1,47.4,117.5,-0.04,1,151.7,409.0,443.1,-0.541,0.262,0.0,0.004,0.37,-12.4,-37.6,risky
1988,maize,33,1,312.8,1,24.6,106.1,-0.668,1,151.7,409.0,443.1,-0.541,0.234,0.025,0.0,0.391,-27.8,-70.8,risky
1988,beans,33,0,312.8,1,24.6,106.1,-0.668,1,151.7,409.0,443.1,-0.541,0.034,0.014,0.013,0.49,-41.6,-68.3,delay
1989,maize,25,1,0.0,0,49.5,54.2,0.698,1,60.1,333.6,408.0,-0.924,0.989,0.028,0.0,0.014,69.9,34.4,suitable
1989,beans,25,0,0.0,0,49.5,54.2,0.698,1,60.1,333.6,408.0,-0.924,0.962,0.02,0.002,0.025,41.2,12.5,suitable
1989,maize,26,1,40.7,1,40.7,94.7,1.549,1,60.1,333.6,408.0,-0.924,0.981,0.004,0.0,0.011,58.1,22.1,suitable
1989,beans,26,0,40.7,1,40.7,94.7,1.549,1,60.1,333.6,408.0,-0.924,0.988,0.003,0.001,0.007,51.3,22.8,suitable
1989,maize,27,1,55.8,1,15.1,105.3,1.374,0,60.1,333.6,408.0,-0.924,0.926,0.002,0.0,0.038,42.1,5.0,suitable
1989,beans,27,0,55.8,1,15.1,105.3,1.374,0,60.1,333.6,408.0,-0.924,0.996,0.001,0.0,0.002,58.0,32.0,suitable
1989,maize,28,1,77.8,1,22.0,77.8,-0.52,1,60.1,333.6,408.0,-0.924,0.73,0.034,0.0,0.145,17.6,-20.6,suitable
1989,beans,28,0,77.8,1,22.0,77.8,-0.52,1,60.1,333.6,408.0,-0.924,0.984,0.034,0.0,0.018,48.9,20.6,suitable
1989,maize,29,1,102.2,1,24.4,61.6,-1.708,1,60.1,333.6,408.0,-0.924,0.4,0.086,0.0,0.326,-8.3,-51.4,suitable
1989,beans,29,0,102.2,1,24.4,61.6,-1.708,1,60.1,333.6,408.0,-0.924,0.892,0.086,0.0,0.08,30.6,-1.7,suitable
1989,maize,30,1,144.0,1,41.8,88.3,-0.786,1,60.1,333.6,408.0,-0.924,0.292,0.023,0.0,0.361,-18.4,-59.2,suitable
1989,beans,30,0,144.0,1,41.8,88.3,-0.786,1,60.1,333.6,408.0,-0.924,0.899,0.022,0.0,0.057,27.8,-0.0,suitable
1989,maize,31,1,181.9,1,37.8,104.1,-0.518,1,60.1,333.6,408.0,-0.924,0.159,0.008,0.0,0.423,-36.1,-74.7,suitable
1989,beans,31,0,181.9,1,37.8,104.1,-0.518,1,60.1,333.6,408.0,-0.924,0.629,0.008,0.0,0.188,7.2,-19.2,suitable
1989,maize,32,1,212.5,1,30.7,110.3,-0.406,1,60.1,333.6,408.0,-0.924,0.201,0.002,0.0,0.4,-31.3,-68.8,suitable
1989,beans,32,0,212.5,1,30.7,110.3,-0.406,1,60.1,333.6,408.0,-0.924,0.241,0.001,0.0,0.38,-15.0,-42.3,suitable
1989,maize,33,1,249.6,1,37.1,105.6,-0.696,1,60.1,333.6,408.0,-0.924,0.215,0.033,0.0,0.402,-29.6,-71.3,suitable
1989,beans,33,0,249.6,1,37.1,105.6,-0.696,1,60.1,333.6,408.0,-0.924,0.035,0.018,0.004,0.489,-41.5,-70.1,risky
1990,maize,25,1,0.0,0,17.3,26.6,-0.429,0,30.7,362.6,390.9,0.188,0.984,0.113,0.001,0.042,64.4,24.4,suitable
1990,beans,25,0,0.0,0,17.3,26.6,-0.429,0,30.7,362.6,390.9,0.188,0.914,0.088,0.11,0.091,35.3,2.6,suitable
1990,maize,26,1,35.0,1,35.0,61.6,0.107,1,30.7,362.6,390.9,0.188,0.971,0.054,0.001,0.031,52.0,18.7,suitable
1990,beans,26,0,35.0,1,35.0,61.6,0.107,1,30.7,362.6,390.9,0.188,0.976,0.053,0.053,0.039,47.8,18.3,suitable
1990,maize,27,1,65.7,1,30.7,83.0,0.31,1,30.7,362.6,390.9,0.188,0.904,0.025,0.0,0.055,39.8,1.3,suitable
1990,beans,27,0,65.7,1,30.7,83.0,0.31,1,30.7,362.6,390.9,0.188,0.983,0.024,0.046,0.025,56.1,26.5,suitable
1990,maize,28,1,110.5,1,44.7,110.5,1.353,1,30.7,362.6,390.9,0.188,0.791,0.005,0.001,0.106,23.0,-13.5,suitable
1990,beans,28,0,110.5,1,44.7,110.5,1.353,1,30.7,362.6,390.9,0.188,0.996,0.005,0.015,0.007,55.8,28.5,suitable
1990,maize,29,1,136.5,1,26.1,101.5,0.491,1,30.7,362.6,390.9,0.188,0.567,0.005,0.002,0.218,4.9,-33.1,suitable
1990,beans,29,0,136.5,1,26.1,101.5,0.491,1,30.7,362.6,390.9,0.188,0.987,0.005,0.014,0.011,44.6,21.2,suitable
1990,maize,30,1,177.8,1,41.3,112.1,0.481,1,30.7,362.6,390.9,0.188,0.338,0.001,0.0,0.331,-12.5,-52.0,suitable
1990,beans,30,0,177.8,1,41.3,112.1,0.481,1,30.7,362.6,390.9,0.188,0.952,0.001,0.018,0.028,34.0,8.7,suitable
1990,maize,31,1,229.5,1,51.7,119.1,0.183,1,30.7,362.6,390.9,0.188,0.165,0.0,0.003,0.418,-31.8,-68.5,suitable
1990,beans,31,0,229.5,1,51.7,119.1,0.183,1,30.7,362.6,390.9,0.188,0.707,0.0,0.031,0.153,10.3,-14.8,suitable
1990,maize,32,1,273.7,1,44.2,137.2,0.953,1,30.7,362.6,390.9,0.188,0.234,0.001,0.003,0.384,-24.5,-63.4,risky
1990,beans,32,0,273.7,1,44.2,137.2,0.953,1,30.7,362.6,390.9,0.188,0.293,0.001,0.06,0.366,-9.9,-35.5,risky
1990,maize,33,1,304.2,1,30.5,126.4,0.571,1,30.7,362.6,390.9,0.188,0.299,0.001,0.004,0.352,-20.2,-63.4,risky
1990,beans,33,0,304.2,1,30.5,126.4,0.571,1,30.7,362.6,390.9,0.188,0.058,0.0,0.164,0.504,-34.5,-60.3,risky
1991,maize,25,1,0.0,0,0.3,8.9,-1.151,0,15.9,395.0,434.2,-0.407,0.96,0.168,0.0,0.07,59.8,17.0,suitable
1991,beans,25,0,0.0,0,0.3,8.9,-1.151,0,15.9,395.0,434.2,-0.407,0.868,0.137,0.01,0.109,31.9,-4.4,suitable
1991,maize,26,1,30.2,1,30.2,33.1,-1.134,1,15.9,395.0,434.2,-0.407,0.913,0.144,0.0,0.087,46.2,3.6,suitable
1991,beans,26,0,30.2,1,30.2,33.1,-1.134,1,15.9,395.0,434.2,-0.407,0.917,0.138,0.008,0.084,39.1,2.3,suitable
1991,maize,27,1,48.0,1,17.9,48.4,-1.34,0,15.9,395.0,434.2,-0.407,0.81,0.133,0.0,0.135,25.8,-11.0,suitable
1991,beans,27,0,48.0,1,17.9,48.4,-1.34,0,15.9,395.0,434.2,-0.407,0.956,0.133,0.004,0.063,43.9,10.1,suitable
1991,maize,28,1,69.6,1,21.6,69.6,-0.992,1,15.9,395.0,434.2,-0.407,0.674,0.073,0.0,0.185,12.9,-27.5,suitable
1991,beans,28,0,69.6,1,21.6,69.6,-0.992,1,15.9,395.0,434.2,-0.407,0.961,0.073,0.001,0.042,45.8,11.7,suitable
1991,maize,29,1,121.3,1,51.7,91.1,-0.08,1,15.9,395.0,434.2,-0.407,0.561,0.007,0.0,0.222,4.3,-34.1,risky
1991,beans,29,0,121.3,1,51.7,91.1,-0.08,1,15.9,395.0,434.2,-0.407,0.982,0.007,0.0,0.011,43.7,17.3,suitable
1991,maize,30,1,171.2,1,49.9,123.2,1.067,1,15.9,395.0,434.2,-0.407,0.298,0.003,0.0,0.352,-16.5,-52.5,risky
1991,beans,30,0,171.2,1,49.9,123.2,1.067,1,15.9,395.0,434.2,-0.407,0.951,0.003,0.0,0.025,32.8,8.6,suitable
1991,maize,31,1,206.7,1,35.5,137.1,1.026,1,15.9,395.0,434.2,-0.407,0.169,0.001,0.0,0.416,-31.3,-68.8,risky
1991,beans,31,0,206.7,1,35.5,137.1,1.026,1,15.9,395.0,434.2,-0.407,0.725,0.001,0.002,0.138,10.8,-13.5,risky
1991,maize,32,1,237.3,1,30.6,116.0,-0.119,1,15.9,395.0,434.2,-0.407,0.214,0.007,0.0,0.395,-27.6,-70.8,risky
1991,beans,32,0,237.3,1,30.6,116.0,-0.119,1,15.9,395.0,434.2,-0.407,0.252,0.003,0.011,0.377,-14.3,-39.4,risky
1991,maize,33,1,263.7,1,26.4,92.5,-1.495,1,15.9,395.0,434.2,-0.407,0.188,0.066,0.0,0.426,-35.8,-77.9,risky
1991,beans,33,0,263.7,1,26.4,92.5,-1.495,1,15.9,395.0,434.2,-0.407,0.031,0.049,0.027,0.505,-45.2,-72.2,delay
1992,maize,25,1,0.0,0,3.7,7.2,-1.219,0,7.2,335.7,376.1,-0.595,0.966,0.164,0.0,0.066,59.5,16.6,suitable
1992,beans,25,0,0.0,0,3.7,7.2,-1.219,0,7.2,335.7,376.1,-0.595,0.87,0.136,0.005,0.107,30.4,-4.1,suitable
1992,maize,26,1,36.9,1,36.9,41.5,-0.766,1,7.2,335.7,376.1,-0.595,0.931,0.123,0.0,0.071,46.8,5.5,suitable
1992,beans,26,0,36.9,1,36.9,41.5,-0.766,1,7.2,335.7,376.1,-0.595,0.931,0.111,0.003,0.068,40.3,4.9,suitable
1992,maize,27,1,64.6,1,27.7,68.3,-0.39,1,7.2,335.7,376.1,-0.595,0.865,0.048,0.0,0.082,34.1,-7.0,suitable
1992,beans,27,0,64.6,1,27.7,68.3,-0.39,1,7.2,335.7,376.1,-0.595,0.981,0.046,0.002,0.024,50.9,20.2,suitable
1992,maize,28,1,81.9,1,17.4,81.9,-0.283,0,7.2,335.7,376.1,-0.595,0.701,0.059,0.0,0.167,17.9,-22.1,suitable
1992,beans,28,0,81.9,1,17.4,81.9,-0.283,0,7.2,335.7,376.1,-0.595,0.977,0.057,0.0,0.029,48.9,16.5,suitable
1992,maize,29,1,127.4,1,45.5,90.5,-0.115,1,7.2,335.7,376.1,-0.595,0.527,0.013,0.0,0.24,2.3,-35.4,suitable
1992,beans,29,0,127.4,1,45.5,90.5,-0.115,1,7.2,335.7,376.1,-0.595,0.97,0.012,0.001,0.019,43.9,14.8,suitable
1992,maize,30,1,179.1,1,51.6,114.5,0.606,1,7.2,335.7,376.1,-0.595,0.322,0.003,0.0,0.34,-13.8,-49.3,suitable
1992,beans,30,0,179.1,1,51.6,114.5,0.606,1,7.2,335.7,376.1,-0.595,0.96,0.003,0.0,0.021,33.7,9.0,suitable
1992,maize,31,1,236.8,1,57.8,154.9,1.856,1,7.2,335.7,376.1,-0.595,0.178,0.0,0.0,0.411,-29.7,-67.3,risky
1992,beans,31,0,236.8,1,57.8,154.9,1.856,1,7.2,335.7,376.1,-0.595,0.761,0.0,0.002,0.12,12.8,-11.1,suitable
1992,maize,32,1,270.3,1,33.5,142.9,1.241,1,7.2,335.7,376.1,-0.595,0.232,0.0,0.0,0.384,-25.6,-65.0,risky
1992,beans,32,0,270.3,1,33.5,142.9,1.241,1,7.2,335.7,376.1,-0.595,0.314,0.0,0.006,0.344,-10.1,-36.4,suitable
1992,maize,33,1,309.5,1,39.2,130.4,0.815,1,7.2,335.7,376.1,-0.595,0.253,0.003,0.0,0.374,-22.2,-62.9,suitable
1992,beans,33,0,309.5,1,39.2,130.4,0.815,1,7.2,335.7,376.1,-0.595,0.051,0.003,0.01,0.477,-34.3,-59.0,risky
1993,maize,25,1,0.0,0,17.0,54.5,0.711,0,54.5,367.2,433.1,-0.419,0.989,0.032,0.0,0.015,71.4,32.3,delay
1993,beans,25,0,0.0,0,17.0,54.5,0.711,0,54.5,367.2,433.1,-0.419,0.958,0.024,0.018,0.032,40.3,11.0,delay
1993,maize,26,1,14.1,0,14.1,37.2,-0.957,0,54.5,367.2,433.1,-0.419,0.927,0.122,0.0,0.073,47.1,6.5,delay
1993,beans,26,0,14.1,0,14.1,37.2,-0.957,0,54.5,367.2,433.1,-0.419,0.933,0.119,0.005,0.07,39.7,6.4,delay
1993,maize,27,1,27.0,0,12.8,43.9,-1.551,0,54.5,367.2,433.1,-0.419,0.806,0.163,0.0,0.146,26.2,-16.2,delay
1993,beans,27,0,27.0,0,12.8,43.9,-1.551,0,54.5,367.2,433.1,-0.419,0.938,0.157,0.004,0.079,44.5,8.3,delay
1993,maize,28,1,43.2,0,16.3,43.2,-2.505,0,54.5,367.2,433.1,-0.419,0.498,0.264,0.0,0.33,-0.2,-40.3,delay
1993,beans,28,0,43.2,0,16.3,43.2,-2.505,0,54.5,367.2,433.1,-0.419,0.889,0.264,0.003,0.135,31.0,-1.2,delay
1993,maize,29,1,62.2,0,19.0,48.1,-2.451,0,54.5,367.2,433.1,-0.419,0.294,0.223,0.0,0.42,-18.8,-57.0,risky
1993,beans,29,0,62.2,0,19.0,48.1,-2.451,0,54.5,367.2,433.1,-0.419,0.824,0.221,0.001,0.155,20.8,-9.0,suitable
1993,maize,30,1,78.5,0,16.3,51.5,-2.734,0,54.5,367.2,433.1,-0.419,0.162,0.159,0.0,0.467,-34.7,-76.4,risky
1993,beans,30,0,78.5,0,16.3,51.5,-2.734,0,54.5,367.2,433.1,-0.419,0.706,0.158,0.002,0.195,13.1,-15.8,suitable
1993,maize,31,1,107.1,1,28.6,63.9,-2.394,1,54.5,367.2,433.1,-0.419,0.101,0.108,0.0,0.482,-45.2,-88.5,risky
1993,beans,31,0,107.1,1,28.6,63.9,-2.394,1,54.5,367.2,433.1,-0.419,0.427,0.106,0.003,0.319,-3.5,-34.8,suitable
1993,maize,32,1,148.1,1,41.0,85.9,-1.638,1,54.5,367.2,433.1,-0.419,0.148,0.06,0.0,0.444,-38.9,-84.1,risky
1993,beans,32,0,148.1,1,41.0,85.9,-1.638,1,54.5,367.2,433.1,-0.419,0.146,0.049,0.008,0.443,-21.6,-55.0,suitable
1993,maize,33,1,179.1,1,31.0,100.6,-0.998,1,54.5,367.2,433.1,-0.419,0.202,0.037,0.0,0.41,-30.7,-74.8,risky
1993,beans,33,0,179.1,1,31.0,100.6,-0.998,1,54.5,367.2,433.1,-0.419,0.022,0.021,0.03,0.501,-44.3,-71.8,risky
1994,maize,25,1,0.0,0,12.5,28.0,-0.371,0,35.9,331.4,302.3,-0.054,0.981,0.095,0.0,0.038,63.2,24.6,suitable
1994,beans,25,0,0.0,0,12.5,28.0,-0.371,0,35.9,331.4,302.3,-0.054,0.907,0.076,0.067,0.083,34.6,1.3,suitable
1994,maize,26,1,26.1,1,26.1,54.1,-0.218,1,35.9,331.4,302.3,-0.054,0.952,0.07,0.0,0.045,54.0,10.7,suitable
1994,beans,26,0,26.1,1,26.1,54.1,-0.218,1,35.9,331.4,302.3,-0.054,0.957,0.066,0.024,0.046,46.3,11.5,suitable
1994,maize,27,1,59.4,1,33.3,71.9,-0.218,1,35.9,331.4,302.3,-0.054,0.895,0.049,0.001,0.067,36.1,-0.7,suitable
1994,beans,27,0,59.4,1,33.3,71.9,-0.218,1,35.9,331.4,302.3,-0.054,0.983,0.047,0.018,0.026,53.2,21.8,suitable
1994,maize,28,1,91.4,1,32.0,91.4,0.261,1,35.9,331.4,302.3,-0.054,0.807,0.008,0.0,0.099,22.1,-11.5,suitable
1994,beans,28,0,91.4,1,32.0,91.4,0.261,1,35.9,331.4,302.3,-0.054,0.992,0.008,0.006,0.008,55.1,26.7,suitable
1994,maize,29,1,134.3,1,42.9,108.1,0.855,1,35.9,331.4,302.3,-0.054,0.544,0.006,0.0,0.23,3.6,-31.3,risky
1994,beans,29,0,134.3,1,42.9,108.1,0.855,1,35.9,331.4,302.3,-0.054,0.986,0.006,0.004,0.01,43.6,18.2,suitable
1994,maize,30,1,166.6,1,32.3,107.2,0.217,1,35.9,331.4,302.3,-0.054,0.355,0.0,0.0,0.323,-11.2,-49.8,risky
1994,beans,30,0,166.6,1,32.3,107.2,0.217,1,35.9,331.4,302.3,-0.054,0.965,0.0,0.008,0.019,34.5,10.4,suitable
1994,maize,31,1,206.6,1,40.0,115.1,-0.001,1,35.9,331.4,302.3,-0.054,0.161,0.0,0.003,0.42,-31.0,-70.7,risky
1994,beans,31,0,206.6,1,40.0,115.1,-0.001,1,35.9,331.4,302.3,-0.054,0.73,0.0,0.015,0.138,11.4,-12.3,suitable
1994,maize,32,1,244.8,1,38.2,110.5,-0.397,1,35.9,331.4,302.3,-0.054,0.184,0.007,0.0,0.41,-32.7,-71.6,risky
1994,beans,32,0,244.8,1,38.2,110.5,-0.397,1,35.9,331.4,302.3,-0.054,0.232,0.005,0.033,0.392,-15.6,-42.3,risky
1994,maize,33,1,281.5,1,36.7,114.9,-0.129,1,35.9,331.4,302.3,-0.054,0.235,0.002,0.0,0.383,-24.7,-70.3,risky
1994,beans,33,0,281.5,1,36.7,114.9,-0.129,1,35.9,331.4,302.3,-0.054,0.041,0.001,0.084,0.497,-38.7,-64.5,risky
1995,maize,25,1,0.0,0,0.0,0.3,-1.499,0,0.3,325.6,402.9,-0.171,0.97,0.23,0.0,0.084,57.5,17.6,suitable
1995,beans,25,0,0.0,0,0.0,0.3,-1.499,0,0.3,325.6,402.9,-0.171,0.85,0.193,0.034,0.14,27.6,-6.3,suitable
1995,maize,26,1,39.7,1,39.7,40.0,-0.834,1,0.3,325.6,402.9,-0.171,0.934,0.119,0.0,0.069,46.5,5.5,suitable
1995,beans,26,0,39.7,1,39.7,40.0,-0.834,1,0.3,325.6,402.9,-0.171,0.941,0.112,0.012,0.066,39.6,7.0,suitable
1995,maize,27,1,61.8,1,22.2,61.8,-0.697,1,0.3,325.6,402.9,-0.171,0.856,0.083,0.0,0.097,31.8,-7.0,suitable
1995,beans,27,0,61.8,1,22.2,61.8,-0.697,1,0.3,325.6,402.9,-0.171,0.968,0.082,0.014,0.043,49.9,17.1,suitable
1995,maize,28,1,88.1,1,26.3,88.1,0.071,1,0.3,325.6,402.9,-0.171,0.774,0.01,0.0,0.116,22.3,-16.4,suitable
1995,beans,28,0,88.1,1,26.3,88.1,0.071,1,0.3,325.6,402.9,-0.171,0.99,0.01,0.01,0.01,53.2,23.6,suitable
1995,maize,29,1,127.9,1,39.8,88.3,-0.238,1,0.3,325.6,402.9,-0.171,0.533,0.018,0.0,0.239,2.7,-35.2,risky
1995,beans,29,0,127.9,1,39.8,88.3,-0.238,1,0.3,325.6,402.9,-0.171,0.976,0.018,0.002,0.018,42.6,14.0,suitable
1995,maize,30,1,157.5,1,29.6,95.7,-0.389,1,0.3,325.6,402.9,-0.171,0.298,0.003,0.0,0.352,-18.0,-57.5,risky
1995,beans,30,0,157.5,1,29.6,95.7,-0.389,1,0.3,325.6,402.9,-0.171,0.94,0.003,0.003,0.032,30.6,4.8,suitable
1995,maize,31,1,192.2,1,34.7,104.1,-0.515,1,0.3,325.6,402.9,-0.171,0.139,0.004,0.001,0.432,-35.2,-74.0,risky
1995,beans,31,0,192.2,1,34.7,104.1,-0.515,1,0.3,325.6,402.9,-0.171,0.648,0.004,0.006,0.178,8.1,-20.7,risky
1995,maize,32,1,229.4,1,37.2,101.5,-0.852,1,0.3,325.6,402.9,-0.171,0.187,0.02,0.0,0.412,-29.3,-72.8,risky
1995,beans,32,0,229.4,1,37.2,101.5,-0.852,1,0.3,325.6,402.9,-0.171,0.201,0.015,0.019,0.408,-17.6,-45.5,risky
1995,maize,33,1,265.2,1,35.8,107.6,-0.572,1,0.3,325.6,402.9,-0.171,0.243,0.016,0.0,0.383,-27.6,-71.8,risky
1995,beans,33,0,265.2,1,35.8,107.6,-0.572,1,0.3,325.6,402.9,-0.171,0.033,0.007,0.072,0.5,-39.7,-68.0,risky
1996,maize,25,1,0.0,0,22.7,36.4,-0.027,1,42.2,315.9,384.7,-0.507,0.977,0.087,0.0,0.038,67.2,25.4,suitable
1996,beans,25,0,0.0,0,22.7,36.4,-0.027,1,42.2,315.9,384.7,-0.507,0.921,0.072,0.005,0.062,37.8,3.4,suitable
1996,maize,26,1,34.7,1,34.7,71.1,0.521,1,42.2,315.9,384.7,-0.507,0.971,0.032,0.0,0.024,55.2,17.3,suitable
1996,beans,26,0,34.7,1,34.7,71.1,0.521,1,42.2,315.9,384.7,-0.507,0.974,0.029,0.005,0.023,48.4,15.8,suitable
1996,maize,27,1,64.4,1,29.7,87.1,0.506,1,42.2,315.9,384.7,-0.507,0.915,0.013,0.0,0.046,40.5,2.6,suitable
1996,beans,27,0,64.4,1,29.7,87.1,0.506,1,42.2,315.9,384.7,-0.507,0.997,0.013,0.001,0.006,57.8,27.7,suitable
1996,maize,28,1,93.2,1,28.8,93.2,0.362,1,42.2,315.9,384.7,-0.507,0.779,0.007,0.0,0.113,23.5,-15.7,suitable
1996,beans,28,0,93.2,1,28.8,93.2,0.362,1,42.2,315.9,384.7,-0.507,0.994,0.007,0.0,0.005,54.1,24.1,suitable
1996,maize,29,1,125.8,1,32.6,91.1,-0.082,1,42.2,315.9,384.7,-0.507,0.563,0.014,0.0,0.223,3.9,-35.5,risky
1996,beans,29,0,125.8,1,32.6,91.1,-0.082,1,42.2,315.9,384.7,-0.507,0.971,0.014,0.0,0.019,43.7,14.1,suitable
1996,maize,30,1,164.0,1,38.2,99.6,-0.181,1,42.2,315.9,384.7,-0.507,0.308,0.0,0.0,0.346,-15.1,-51.6,risky
1996,beans,30,0,164.0,1,38.2,99.6,-0.181,1,42.2,315.9,384.7,-0.507,0.953,0.0,0.0,0.024,33.1,8.6,suitable
1996,maize,31,1,187.7,1,23.7,94.5,-0.965,1,42.2,315.9,384.7,-0.507,0.143,0.02,0.0,0.434,-37.8,-78.7,risky
1996,beans,31,0,187.7,1,23.7,94.5,-0.965,1,42.2,315.9,384.7,-0.507,0.576,0.02,0.002,0.218,4.9,-23.1,suitable
1996,maize,32,1,229.7,1,42.1,104.0,-0.726,1,42.2,315.9,384.7,-0.507,0.179,0.011,0.0,0.414,-33.6,-79.5,risky
1996,beans,32,0,229.7,1,42.1,104.0,-0.726,1,42.2,315.9,384.7,-0.507,0.213,0.006,0.003,0.396,-18.7,-45.8,risky
1996,maize,33,1,268.5,1,38.8,104.5,-0.763,1,42.2,315.9,384.7,-0.507,0.222,0.028,0.0,0.397,-28.9,-73.6,risky
1996,beans,33,0,268.5,1,38.8,104.5,-0.763,1,42.2,315.9,384.7,-0.507,0.036,0.016,0.021,0.491,-41.0,-68.1,risky
1997,maize,25,1,0.0,0,9.5,21.1,-0.65,0,21.2,367.3,387.9,-0.467,0.982,0.13,0.0,0.048,63.1,22.4,suitable
1997,beans,25,0,0.0,0,9.5,21.1,-0.65,0,21.2,367.3,387.9,-0.467,0.903,0.108,0.014,0.084,33.8,0.9,risky
1997,maize,26,1,29.0,1,29.0,38.6,-0.896,1,21.2,367.3,387.9,-0.467,0.925,0.138,0.0,0.079,44.6,3.9,suitable
1997,beans,26,0,29.0,1,29.0,38.6,-0.896,1,21.2,367.3,387.9,-0.467,0.923,0.131,0.001,0.078,40.0,3.5,risky
1997,maize,27,1,51.9,1,22.8,61.3,-0.721,1,21.2,367.3,387.9,-0.467,0.849,0.093,0.0,0.103,34.0,-6.9,suitable
1997,beans,27,0,51.9,1,22.8,61.3,-0.721,1,21.2,367.3,387.9,-0.467,0.973,0.091,0.003,0.041,50.3,14.3,suitable
1997,maize,28,1,66.5,1,14.7,66.5,-1.167,0,21.2,367.3,387.9,-0.467,0.632,0.11,0.0,0.217,10.5,-29.5,suitable
1997,beans,28,0,66.5,1,14.7,66.5,-1.167,0,21.2,367.3,387.9,-0.467,0.962,0.11,0.002,0.052,43.1,11.1,suitable
1997,maize,29,1,105.9,1,39.4,76.9,-0.865,1,21.2,367.3,387.9,-0.467,0.457,0.05,0.0,0.286,-2.8,-42.7,suitable
1997,beans,29,0,105.9,1,39.4,76.9,-0.865,1,21.2,367.3,387.9,-0.467,0.937,0.05,0.0,0.046,38.0,7.2,suitable
1997,maize,30,1,152.9,1,47.0,101.0,-0.107,1,21.2,367.3,387.9,-0.467,0.339,0.0,0.0,0.331,-13.4,-49.7,suitable
1997,beans,30,0,152.9,1,47.0,101.0,-0.107,1,21.2,367.3,387.9,-0.467,0.966,0.0,0.001,0.017,34.6,9.7,suitable
1997,maize,31,1,182.9,1,30.0,116.3,0.056,1,21.2,367.3,387.9,-0.467,0.169,0.001,0.0,0.416,-33.3,-73.8,risky
1997,beans,31,0,182.9,1,30.0,116.3,0.056,1,21.2,367.3,387.9,-0.467,0.666,0.001,0.002,0.168,10.6,-17.8,suitable
1997,maize,32,1,224.3,1,41.4,118.4,0.004,1,21.2,367.3,387.9,-0.467,0.209,0.003,0.0,0.396,-28.6,-71.2,suitable
1997,beans,32,0,224.3,1,41.4,118.4,0.004,1,21.2,367.3,387.9,-0.467,0.253,0.0,0.008,0.375,-13.8,-40.1,risky
1997,maize,33,1,273.0,1,48.7,120.1,0.186,1,21.2,367.3,387.9,-0.467,0.26,0.005,0.0,0.371,-23.8,-65.9,risky
1997,beans,33,0,273.0,1,48.7,120.1,0.186,1,21.2,367.3,387.9,-0.467,0.045,0.003,0.026,0.484,-36.2,-63.5,risky
1998,maize,25,1,0.0,0,6.1,17.3,-0.806,0,27.0,397.1,398.2,-0.325,0.977,0.129,0.0,0.05,61.7,22.7,suitable
1998,beans,25,0,0.0,0,6.1,17.3,-0.806,0,27.0,397.1,398.2,-0.325,0.891,0.098,0.023,0.088,32.1,-1.1,suitable
1998,maize,26,1,27.2,1,27.2,44.5,-0.636,1,27.0,397.1,398.2,-0.325,0.938,0.102,0.0,0.062,46.9,9.2,suitable
1998,beans,26,0,27.2,1,27.2,44.5,-0.636,1,27.0,397.1,398.2,-0.325,0.955,0.095,0.007,0.052,42.2,8.4,suitable
1998,maize,27,1,53.3,1,26.1,59.3,-0.816,1,27.0,397.1,398.2,-0.325,0.846,0.074,0.0,0.099,31.5,-9.5,suitable
1998,beans,27,0,53.3,1,26.1,59.3,-0.816,1,27.0,397.1,398.2,-0.325,0.969,0.069,0.007,0.038,48.6,16.2,suitable
1998,maize,28,1,80.7,1,27.4,80.7,-0.358,1,27.0,397.1,398.2,-0.325,0.732,0.039,0.0,0.146,18.5,-20.2,suitable
1998,beans,28,0,80.7,1,27.4,80.7,-0.358,1,27.0,397.1,398.2,-0.325,0.979,0.039,0.0,0.022,50.4,18.6,suitable
1998,maize,29,1,117.8,1,37.1,90.6,-0.113,1,27.0,397.1,398.2,-0.325,0.547,0.005,0.0,0.228,4.6,-33.9,risky
1998,beans,29,0,117.8,1,37.1,90.6,-0.113,1,27.0,397.1,398.2,-0.325,0.977,0.004,0.001,0.013,44.0,16.1,suitable
1998,maize,30,1,158.1,1,40.3,104.8,0.095,1,27.0,397.1,398.2,-0.325,0.345,0.002,0.0,0.328,-12.3,-51.6,risky
1998,beans,30,0,158.1,1,40.3,104.8,0.095,1,27.0,397.1,398.2,-0.325,0.964,0.002,0.001,0.019,34.5,9.1,suitable
1998,maize,31,1,198.4,1,40.3,117.8,0.122,1,27.0,397.1,398.2,-0.325,0.149,0.0,0.0,0.425,-32.6,-72.6,delay
1998,beans,31,0,198.4,1,40.3,117.8,0.122,1,27.0,397.1,398.2,-0.325,0.675,0.0,0.003,0.163,9.7,-16.1,risky
1998,maize,32,1,237.9,1,39.5,120.2,0.093,1,27.0,397.1,398.2,-0.325,0.194,0.0,0.0,0.403,-28.1,-70.1,delay
1998,beans,32,0,237.9,1,39.5,120.2,0.093,1,27.0,397.1,398.2,-0.325,0.278,0.0,0.013,0.364,-13.5,-39.4,risky
1998,maize,33,1,273.4,1,35.5,115.3,-0.104,1,27.0,397.1,398.2,-0.325,0.237,0.008,0.0,0.384,-25.4,-66.3,delay
1998,beans,33,0,273.4,1,35.5,115.3,-0.104,1,27.0,397.1,398.2,-0.325,0.053,0.002,0.035,0.481,-36.6,-62.7,delay
1999,maize,25,1,0.0,0,30.6,57.0,0.814,1,57.2,318.2,373.3,-0.728,0.992,0.023,0.0,0.011,71.6,31.4,suitable
1999,beans,25,0,0.0,0,30.6,57.0,0.814,1,57.2,318.2,373.3,-0.728,0.951,0.02,0.001,0.031,41.0,9.6,suitable
1999,maize,26,1,32.0,1,32.0,71.1,0.521,1,57.2,318.2,373.3,-0.728,0.956,0.038,0.0,0.033,57.3,16.1,suitable
1999,beans,26,0,32.0,1,32.0,71.1,0.521,1,57.2,318.2,373.3,-0.728,0.979,0.035,0.001,0.021,49.4,18.7,suitable
1999,maize,27,1,61.7,1,29.8,92.4,0.758,1,57.2,318.2,373.3,-0.728,0.934,0.007,0.0,0.035,40.4,5.6,suitable
1999,beans,27,0,61.7,1,29.8,92.4,0.758,1,57.2,318.2,373.3,-0.728,1.0,0.006,0.004,0.003,57.4,29.2,suitable
1999,maize,28,1,89.6,1,27.8,89.6,0.154,1,57.2,318.2,373.3,-0.728,0.782,0.007,0.0,0.111,22.6,-13.8,suitable
1999,beans,28,0,89.6,1,27.8,89.6,0.154,1,57.2,318.2,373.3,-0.728,0.994,0.007,0.001,0.005,54.5,24.6,suitable
1999,maize,29,1,121.5,1,31.9,89.5,-0.171,1,57.2,318.2,373.3,-0.728,0.537,0.009,0.0,0.234,3.5,-35.6,risky
1999,beans,29,0,121.5,1,31.9,89.5,-0.171,1,57.2,318.2,373.3,-0.728,0.973,0.009,0.0,0.016,42.8,13.8,suitable
1999,maize,30,1,150.8,1,29.3,89.1,-0.743,1,57.2,318.2,373.3,-0.728,0.3,0.015,0.0,0.354,-16.4,-58.0,risky
1999,beans,30,0,150.8,1,29.3,89.1,-0.743,1,57.2,318.2,373.3,-0.728,0.901,0.015,0.0,0.054,30.3,0.1,suitable
1999,maize,31,1,189.8,1,39.0,100.2,-0.698,1,57.2,318.2,373.3,-0.728,0.14,0.013,0.0,0.434,-36.9,-76.6,risky
1999,beans,31,0,189.8,1,39.0,100.2,-0.698,1,57.2,318.2,373.3,-0.728,0.608,0.013,0.002,0.2,6.2,-21.2,suitable
1999,maize,32,1,222.9,1,33.2,101.5,-0.852,1,57.2,318.2,373.3,-0.728,0.174,0.014,0.0,0.417,-35.5,-78.1,risky
1999,beans,32,0,222.9,1,33.2,101.5,-0.852,1,57.2,318.2,373.3,-0.728,0.199,0.011,0.002,0.404,-18.0,-47.0,risky
1999,maize,33,1,262.7,1,39.7,111.9,-0.314,1,57.2,318.2,373.3,-0.728,0.245,0.012,0.0,0.381,-26.4,-72.4,risky
1999,beans,33,0,262.7,1,39.7,111.9,-0.314,1,57.2,318.2,373.3,-0.728,0.042,0.005,0.005,0.481,-38.3,-65.9,risky
2000,maize,25,1,0.0,0,5.0,19.9,-0.703,0,20.2,328.3,386.5,0.702,0.977,0.125,0.008,0.051,61.4,20.3,delay
2000,beans,25,0,0.0,0,5.0,19.9,-0.703,0,20.2,328.3,386.5,0.702,0.876,0.092,0.359,0.161,30.9,-2.6,risky
2000,maize,26,1,26.5,1,26.5,35.7,-1.019,1,20.2,328.3,386.5,0.702,0.918,0.124,0.017,0.082,45.0,4.2,suitable
2000,beans,26,0,26.5,1,26.5,35.7,-1.019,1,20.2,328.3,386.5,0.702,0.927,0.115,0.256,0.122,39.2,5.5,risky
2000,maize,27,1,47.3,1,20.8,52.3,-1.15,1,20.2,328.3,386.5,0.702,0.812,0.116,0.022,0.133,30.2,-11.8,suitable
2000,beans,27,0,47.3,1,20.8,52.3,-1.15,1,20.2,328.3,386.5,0.702,0.95,0.114,0.216,0.102,44.8,11.9,risky
2000,maize,28,1,58.3,1,11.0,58.3,-1.637,0,20.2,328.3,386.5,0.702,0.56,0.159,0.046,0.277,5.5,-32.8,suitable
2000,beans,28,0,58.3,1,11.0,58.3,-1.637,0,20.2,328.3,386.5,0.702,0.92,0.158,0.133,0.114,38.2,4.3,risky
2000,maize,29,1,103.0,1,44.7,76.5,-0.888,1,20.2,328.3,386.5,0.702,0.463,0.051,0.04,0.292,-2.4,-41.2,suitable
2000,beans,29,0,103.0,1,44.7,76.5,-0.888,1,20.2,328.3,386.5,0.702,0.951,0.051,0.097,0.059,38.7,7.0,risky
2000,maize,30,1,149.7,1,46.7,102.4,-0.036,1,20.2,328.3,386.5,0.702,0.321,0.002,0.024,0.345,-14.5,-50.9,suitable
2000,beans,30,0,149.7,1,46.7,102.4,-0.036,1,20.2,328.3,386.5,0.702,0.959,0.002,0.098,0.041,33.5,9.1,risky
2000,maize,31,1,204.0,1,54.2,145.6,1.422,1,20.2,328.3,386.5,0.702,0.19,0.001,0.023,0.41,-27.5,-69.2,risky
2000,beans,31,0,204.0,1,54.2,145.6,1.422,1,20.2,328.3,386.5,0.702,0.743,0.001,0.118,0.152,12.4,-11.1,risky
2000,maize,32,1,252.0,1,48.1,149.0,1.55,1,20.2,328.3,386.5,0.702,0.221,0.003,0.033,0.397,-26.0,-64.1,risky
2000,beans,32,0,252.0,1,48.1,149.0,1.55,1,20.2,328.3,386.5,0.702,0.301,0.003,0.262,0.403,-10.1,-35.6,risky
2000,maize,33,1,300.8,1,48.8,151.1,2.075,1,20.2,328.3,386.5,0.702,0.299,0.002,0.03,0.357,-18.7,-62.7,risky
2000,beans,33,0,300.8,1,48.8,151.1,2.075,1,20.2,328.3,386.5,0.702,0.071,0.0,0.443,0.553,-33.0,-55.6,delay
2001,maize,25,1,0.0,0,9.7,38.4,0.053,0,52.0,303.7,415.8,-1.416,0.982,0.072,0.0,0.031,68.2,27.3,suitable
2001,beans,25,0,0.0,0,9.7,38.4,0.053,0,52.0,303.7,415.8,-1.416,0.926,0.055,0.001,0.054,36.8,5.4,suitable
2001,maize,26,1,29.4,1,29.4,64.4,0.228,1,52.0,303.7,415.8,-1.416,0.966,0.042,0.0,0.03,54.2,17.4,suitable
2001,beans,26,0,29.4,1,29.4,64.4,0.228,1,52.0,303.7,415.8,-1.416,0.975,0.04,0.0,0.025,48.5,17.2,suitable
2001,maize,27,1,72.9,1,43.5,82.6,0.293,1,52.0,303.7,415.8,-1.416,0.92,0.025,0.0,0.047,39.6,4.3,suitable
2001,beans,27,0,72.9,1,43.5,82.6,0.293,1,52.0,303.7,415.8,-1.416,0.987,0.025,0.0,0.014,57.8,28.3,suitable
2001,maize,28,1,104.2,1,31.3,104.2,0.994,1,52.0,303.7,415.8,-1.416,0.797,0.004,0.0,0.103,24.8,-10.6,suitable
2001,beans,28,0,104.2,1,31.3,104.2,0.994,1,52.0,303.7,415.8,-1.416,0.994,0.003,0.0,0.004,55.6,28.7,suitable
2001,maize,29,1,141.1,1,36.9,111.7,1.048,1,52.0,303.7,415.8,-1.416,0.582,0.004,0.0,0.21,6.0,-29.4,risky
2001,beans,29,0,141.1,1,36.9,111.7,1.048,1,52.0,303.7,415.8,-1.416,0.99,0.004,0.0,0.006,45.8,18.8,suitable
2001,maize,30,1,182.7,1,41.6,109.7,0.355,1,52.0,303.7,415.8,-1.416,0.325,0.002,0.0,0.338,-12.8,-51.3,risky
2001,beans,30,0,182.7,1,41.6,109.7,0.355,1,52.0,303.7,415.8,-1.416,0.959,0.002,0.0,0.021,35.8,9.5,suitable
2001,maize,31,1,222.1,1,39.4,117.9,0.128,1,52.0,303.7,415.8,-1.416,0.171,0.0,0.0,0.414,-31.9,-67.0,risky
2001,beans,31,0,222.1,1,39.4,117.9,0.128,1,52.0,303.7,415.8,-1.416,0.711,0.0,0.0,0.145,11.0,-13.4,suitable
2001,maize,32,1,259.0,1,36.8,117.9,-0.023,1,52.0,303.7,415.8,-1.416,0.211,0.001,0.0,0.395,-28.7,-67.2,risky
2001,beans,32,0,259.0,1,36.8,117.9,-0.023,1,52.0,303.7,415.8,-1.416,0.279,0.0,0.0,0.36,-13.1,-39.3,risky
2001,maize,33,1,294.1,1,35.1,111.4,-0.343,1,52.0,303.7,415.8,-1.416,0.241,0.02,0.0,0.386,-27.2,-67.2,risky
2001,beans,33,0,294.1,1,35.1,111.4,-0.343,1,52.0,303.7,415.8,-1.416,0.034,0.011,0.001,0.486,-39.0,-68.9,risky
2002,maize,25,1,0.0,0,17.4,18.4,-0.763,0,19.1,357.7,411.9,1.317,0.977,0.133,0.189,0.089,62.6,22.0,suitable
2002,beans,25,0,0.0,0,17.4,18.4,-0.763,0,19.1,357.7,411.9,1.317,0.884,0.103,0.723,0.233,33.4,-1.9,risky
2002,maize,26,1,19.1,0,19.1,36.6,-0.983,0,19.1,357.7,411.9,1.317,0.919,0.135,0.208,0.123,46.3,4.8,suitable
2002,beans,26,0,19.1,0,19.1,36.6,-0.983,0,19.1,357.7,411.9,1.317,0.924,0.122,0.65,0.205,39.9,4.0,risky
2002,maize,27,1,44.8,1,25.7,62.2,-0.678,1,19.1,357.7,411.9,1.317,0.852,0.088,0.261,0.153,31.7,-7.4,risky
2002,beans,27,0,44.8,1,25.7,62.2,-0.678,1,19.1,357.7,411.9,1.317,0.974,0.086,0.596,0.158,50.1,18.4,risky
2002,maize,28,1,73.9,1,29.1,73.9,-0.744,1,19.1,357.7,411.9,1.317,0.69,0.046,0.282,0.225,15.2,-23.6,risky
2002,beans,28,0,73.9,1,29.1,73.9,-0.744,1,19.1,357.7,411.9,1.317,0.977,0.046,0.426,0.111,48.5,17.9,suitable
2002,maize,29,1,108.4,1,34.5,89.3,-0.182,1,19.1,357.7,411.9,1.317,0.522,0.02,0.277,0.3,2.0,-35.9,risky
2002,beans,29,0,108.4,1,34.5,89.3,-0.182,1,19.1,357.7,411.9,1.317,0.97,0.019,0.393,0.099,43.0,12.7,suitable
2002,maize,30,1,155.7,1,47.3,110.9,0.415,1,19.1,357.7,411.9,1.317,0.34,0.0,0.26,0.382,-12.9,-51.1,risky
2002,beans,30,0,155.7,1,47.3,110.9,0.415,1,19.1,357.7,411.9,1.317,0.957,0.0,0.43,0.108,35.2,7.9,suitable
2002,maize,31,1,194.1,1,38.4,120.2,0.235,1,19.1,357.7,411.9,1.317,0.156,0.0,0.222,0.466,-33.1,-69.6,delay
2002,beans,31,0,194.1,1,38.4,120.2,0.235,1,19.1,357.7,411.9,1.317,0.704,0.0,0.477,0.243,9.3,-15.0,risky
2002,maize,32,1,227.1,1,33.0,118.7,0.016,1,19.1,357.7,411.9,1.317,0.196,0.002,0.239,0.45,-28.8,-67.1,delay
2002,beans,32,0,227.1,1,33.0,118.7,0.016,1,19.1,357.7,411.9,1.317,0.241,0.002,0.659,0.512,-14.1,-38.6,delay
2002,maize,33,1,262.7,1,35.6,107.0,-0.612,1,19.1,357.7,411.9,1.317,0.214,0.016,0.23,0.444,-27.0,-71.5,delay
2002,beans,33,0,262.7,1,35.6,107.0,-0.612,1,19.1,357.7,411.9,1.317,0.032,0.011,0.811,0.649,-39.4,-67.4,delay
2003,maize,25,1,0.0,0,26.3,44.1,0.287,1,44.4,344.6,371.6,0.217,0.989,0.046,0.001,0.02,68.5,30.7,suitable
2003,beans,25,0,0.0,0,26.3,44.1,0.287,1,44.4,344.6,371.6,0.217,0.944,0.037,0.13,0.065,39.3,7.3,suitable
2003,maize,26,1,32.0,1,32.0,76.2,0.742,1,44.4,344.6,371.6,0.217,0.962,0.019,0.0,0.025,57.8,19.6,suitable
2003,beans,26,0,32.0,1,32.0,76.2,0.742,1,44.4,344.6,371.6,0.217,0.98,0.018,0.059,0.027,50.7,20.0,suitable
2003,maize,27,1,63.0,1,30.9,89.3,0.612,1,44.4,344.6,371.6,0.217,0.921,0.011,0.002,0.043,41.2,3.1,suitable
2003,beans,27,0,63.0,1,30.9,89.3,0.612,1,44.4,344.6,371.6,0.217,0.996,0.011,0.055,0.016,57.2,28.1,suitable
2003,maize,28,1,89.8,1,26.8,89.8,0.169,1,44.4,344.6,371.6,0.217,0.785,0.009,0.002,0.111,24.9,-13.4,risky
2003,beans,28,0,89.8,1,26.8,89.8,0.169,1,44.4,344.6,371.6,0.217,0.993,0.009,0.026,0.011,54.4,25.9,suitable
2003,maize,29,1,127.1,1,37.3,95.1,0.135,1,44.4,344.6,371.6,0.217,0.554,0.007,0.001,0.225,4.6,-33.8,risky
2003,beans,29,0,127.1,1,37.3,95.1,0.135,1,44.4,344.6,371.6,0.217,0.978,0.007,0.027,0.019,44.9,16.4,suitable
2003,maize,30,1,169.4,1,42.3,106.4,0.176,1,44.4,344.6,371.6,0.217,0.338,0.002,0.0,0.332,-13.0,-51.5,risky
2003,beans,30,0,169.4,1,42.3,106.4,0.176,1,44.4,344.6,371.6,0.217,0.952,0.002,0.018,0.028,35.6,11.1,suitable
2003,maize,31,1,204.4,1,35.0,114.6,-0.027,1,44.4,344.6,371.6,0.217,0.199,0.0,0.001,0.401,-29.4,-69.4,risky
2003,beans,31,0,204.4,1,35.0,114.6,-0.027,1,44.4,344.6,371.6,0.217,0.704,0.0,0.038,0.156,10.8,-14.4,risky
2003,maize,32,1,244.9,1,40.5,117.8,-0.026,1,44.4,344.6,371.6,0.217,0.201,0.002,0.003,0.401,-28.3,-69.3,risky
2003,beans,32,0,244.9,1,40.5,117.8,-0.026,1,44.4,344.6,371.6,0.217,0.249,0.001,0.067,0.389,-13.7,-39.2,risky
2003,maize,33,1,279.3,1,34.4,109.9,-0.432,1,44.4,344.6,371.6,0.217,0.252,0.012,0.001,0.378,-27.0,-72.4,risky
2003,beans,33,0,279.3,1,34.4,109.9,-0.432,1,44.4,344.6,371.6,0.217,0.049,0.005,0.149,0.507,-38.8,-67.0,delay
2004,maize,25,1,0.0,0,2.1,21.6,-0.63,0,23.1,353.3,375.4,1.285,0.981,0.127,0.176,0.083,63.9,23.8,risky
2004,beans,25,0,0.0,0,2.1,21.6,-0.63,0,23.1,353.3,375.4,1.285,0.903,0.098,0.724,0.223,33.8,0.6,risky
2004,maize,26,1,31.0,1,31.0,41.5,-0.77,1,23.1,353.3,375.4,1.285,0.933,0.106,0.187,0.103,48.6,6.5,risky
2004,beans,26,0,31.0,1,31.0,41.5,-0.77,1,23.1,353.3,375.4,1.285,0.944,0.096,0.638,0.184,39.9,7.3,risky
2004,maize,27,1,55.1,1,24.2,57.3,-0.915,1,23.1,353.3,375.4,1.285,0.849,0.1,0.229,0.151,30.6,-7.1,risky
2004,beans,27,0,55.1,1,24.2,57.3,-0.915,1,23.1,353.3,375.4,1.285,0.969,0.099,0.572,0.16,47.4,16.5,risky
2004,maize,28,1,88.6,1,33.5,88.6,0.1,1,23.1,353.3,375.4,1.285,0.794,0.009,0.308,0.167,23.4,-14.3,risky
2004,beans,28,0,88.6,1,33.5,88.6,0.1,1,23.1,353.3,375.4,1.285,0.993,0.009,0.476,0.101,53.4,26.3,risky
2004,maize,29,1,124.0,1,35.3,93.0,0.021,1,23.1,353.3,375.4,1.285,0.543,0.01,0.286,0.289,4.1,-36.3,risky
2004,beans,29,0,124.0,1,35.3,93.0,0.021,1,23.1,353.3,375.4,1.285,0.98,0.01,0.411,0.095,44.1,15.1,risky
2004,maize,30,1,143.2,1,19.2,88.0,-0.798,0,23.1,353.3,375.4,1.285,0.267,0.017,0.241,0.42,-21.8,-62.1,risky
2004,beans,30,0,143.2,1,19.2,88.0,-0.798,0,23.1,353.3,375.4,1.285,0.88,0.017,0.422,0.149,27.1,-2.5,risky
2004,maize,31,1,185.8,1,42.6,97.2,-0.84,1,23.1,353.3,375.4,1.285,0.161,0.016,0.235,0.471,-33.3,-74.8,risky
2004,beans,31,0,185.8,1,42.6,97.2,-0.84,1,23.1,353.3,375.4,1.285,0.604,0.015,0.443,0.291,6.1,-22.0,risky
2004,maize,32,1,223.2,1,37.4,99.2,-0.968,1,23.1,353.3,375.4,1.285,0.163,0.024,0.239,0.473,-33.5,-73.5,risky
2004,beans,32,0,223.2,1,37.4,99.2,-0.968,1,23.1,353.3,375.4,1.285,0.19,0.016,0.638,0.537,-19.1,-46.6,risky
2004,maize,33,1,262.6,1,39.4,119.4,0.144,1,23.1,353.3,375.4,1.285,0.264,0.006,0.217,0.413,-24.6,-68.5,risky
2004,beans,33,0,262.6,1,39.4,119.4,0.144,1,23.1,353.3,375.4,1.285,0.051,0.004,0.781,0.632,-35.9,-62.6,delay
2005,maize,25,1,0.0,0,3.7,61.6,1.001,0,62.0,374.1,375.2,1.181,0.991,0.017,0.137,0.037,74.3,34.8,risky
2005,beans,25,0,0.0,0,3.7,61.6,1.001,0,62.0,374.1,375.2,1.181,0.96,0.01,0.667,0.156,43.9,14.4,risky
2005,maize,26,1,38.6,1,38.6,86.6,1.198,1,62.0,374.1,375.2,1.181,0.979,0.012,0.121,0.038,58.0,20.8,risky
2005,beans,26,0,38.6,1,38.6,86.6,1.198,1,62.0,374.1,375.2,1.181,0.994,0.011,0.538,0.114,51.8,22.1,risky
2005,maize,27,1,76.9,1,38.3,80.6,0.197,1,62.0,374.1,375.2,1.181,0.886,0.036,0.163,0.1,37.2,-1.5,risky
2005,beans,27,0,76.9,1,38.3,80.6,0.197,1,62.0,374.1,375.2,1.181,0.988,0.036,0.479,0.113,56.0,23.0,risky
2005,maize,28,1,97.0,1,20.0,97.0,0.578,1,62.0,374.1,375.2,1.181,0.761,0.006,0.192,0.16,22.6,-16.3,risky
2005,beans,28,0,97.0,1,20.0,97.0,0.578,1,62.0,374.1,375.2,1.181,0.994,0.006,0.355,0.076,54.9,25.2,risky
2005,maize,29,1,119.8,1,22.8,81.2,-0.629,1,62.0,374.1,375.2,1.181,0.491,0.042,0.189,0.305,-1.1,-41.1,risky
2005,beans,29,0,119.8,1,22.8,81.2,-0.629,1,62.0,374.1,375.2,1.181,0.946,0.042,0.326,0.105,38.7,6.7,risky
2005,maize,30,1,171.5,1,51.8,94.6,-0.449,1,62.0,374.1,375.2,1.181,0.303,0.004,0.163,0.382,-16.9,-54.5,risky
2005,beans,30,0,171.5,1,51.8,94.6,-0.449,1,62.0,374.1,375.2,1.181,0.938,0.003,0.34,0.1,33.5,5.7,risky
2005,maize,31,1,210.3,1,38.7,113.3,-0.085,1,62.0,374.1,375.2,1.181,0.163,0.0,0.173,0.453,-30.7,-69.3,risky
2005,beans,31,0,210.3,1,38.7,113.3,-0.085,1,62.0,374.1,375.2,1.181,0.709,0.0,0.405,0.227,9.8,-14.5,risky
2005,maize,32,1,245.1,1,34.8,125.3,0.35,1,62.0,374.1,375.2,1.181,0.209,0.0,0.163,0.428,-27.9,-69.8,risky
2005,beans,32,0,245.1,1,34.8,125.3,0.35,1,62.0,374.1,375.2,1.181,0.284,0.0,0.543,0.467,-12.8,-37.7,risky
2005,maize,33,1,280.0,1,35.0,108.5,-0.52,1,62.0,374.1,375.2,1.181,0.227,0.017,0.17,0.426,-27.9,-73.9,risky
2005,beans,33,0,280.0,1,35.0,108.5,-0.52,1,62.0,374.1,375.2,1.181,0.037,0.011,0.702,0.625,-39.9,-68.5,delay
2006,maize,25,1,0.0,0,13.4,53.1,0.655,0,62.6,372.2,380.7,0.832,0.99,0.03,0.026,0.019,70.2,32.1,suitable
2006,beans,25,0,0.0,0,13.4,53.1,0.655,0,62.6,372.2,380.7,0.832,0.946,0.019,0.432,0.119,40.5,7.6,risky
2006,maize,26,1,11.3,0,11.3,25.6,-1.459,0,62.6,372.2,380.7,0.832,0.914,0.171,0.025,0.099,42.1,2.8,suitable
2006,beans,26,0,11.3,0,11.3,25.6,-1.459,0,62.6,372.2,380.7,0.832,0.918,0.162,0.32,0.154,35.9,2.3,risky
2006,maize,27,1,51.2,1,40.0,64.6,-0.566,1,62.6,372.2,380.7,0.832,0.873,0.058,0.039,0.089,35.3,-4.5,suitable
2006,beans,27,0,51.2,1,40.0,64.6,-0.566,1,62.6,372.2,380.7,0.832,0.973,0.056,0.263,0.083,52.4,18.7,suitable
2006,maize,28,1,70.0,1,18.8,70.0,-0.967,0,62.6,372.2,380.7,0.832,0.624,0.096,0.079,0.233,9.7,-29.4,suitable
2006,beans,28,0,70.0,1,18.8,70.0,-0.967,0,62.6,372.2,380.7,0.832,0.958,0.095,0.169,0.083,42.7,10.3,suitable
2006,maize,29,1,101.3,1,31.2,90.0,-0.144,1,62.6,372.2,380.7,0.832,0.566,0.013,0.052,0.231,4.3,-32.7,suitable
2006,beans,29,0,101.3,1,31.2,90.0,-0.144,1,62.6,372.2,380.7,0.832,0.974,0.013,0.136,0.044,42.5,15.9,suitable
2006,maize,30,1,122.8,1,21.5,71.6,-1.671,1,62.6,372.2,380.7,0.832,0.214,0.044,0.058,0.418,-26.1,-66.0,suitable
2006,beans,30,0,122.8,1,21.5,71.6,-1.671,1,62.6,372.2,380.7,0.832,0.822,0.044,0.155,0.133,22.7,-7.4,suitable
2006,maize,31,1,169.0,1,46.2,99.0,-0.756,1,62.6,372.2,380.7,0.832,0.161,0.012,0.046,0.432,-35.7,-75.3,risky
2006,beans,31,0,169.0,1,46.2,99.0,-0.756,1,62.6,372.2,380.7,0.832,0.642,0.012,0.195,0.222,7.4,-20.1,suitable
2006,maize,32,1,209.4,1,40.4,108.1,-0.517,1,62.6,372.2,380.7,0.832,0.2,0.006,0.066,0.415,-30.3,-71.6,risky
2006,beans,32,0,209.4,1,40.4,108.1,-0.517,1,62.6,372.2,380.7,0.832,0.242,0.004,0.337,0.448,-15.6,-44.0,risky
2006,maize,33,1,246.2,1,36.9,123.4,0.391,1,62.6,372.2,380.7,0.832,0.233,0.002,0.04,0.392,-24.3,-65.3,risky
2006,beans,33,0,246.2,1,36.9,123.4,0.391,1,62.6,372.2,380.7,0.832,0.048,0.001,0.503,0.577,-35.8,-62.1,risky
2007,maize,25,1,0.0,0,0.3,40.6,0.144,0,70.7,326.9,374.8,0.639,0.987,0.058,0.013,0.027,68.6,27.8,risky
2007,beans,25,0,0.0,0,0.3,40.6,0.144,0,70.7,326.9,374.8,0.639,0.925,0.042,0.309,0.112,38.2,5.5,risky
2007,maize,26,1,30.7,1,30.7,64.4,0.227,1,70.7,326.9,374.8,0.639,0.96,0.045,0.003,0.034,53.2,16.2,risky
2007,beans,26,0,30.7,1,30.7,64.4,0.227,1,70.7,326.9,374.8,0.639,0.966,0.044,0.214,0.073,46.9,16.0,risky
2007,maize,27,1,65.8,1,35.1,66.1,-0.497,1,70.7,326.9,374.8,0.639,0.867,0.074,0.02,0.093,33.3,-7.5,risky
2007,beans,27,0,65.8,1,35.1,66.1,-0.497,1,70.7,326.9,374.8,0.639,0.968,0.072,0.19,0.076,50.3,16.4,risky
2007,maize,28,1,87.2,1,21.4,87.2,0.015,1,70.7,326.9,374.8,0.639,0.786,0.014,0.029,0.117,22.8,-12.3,risky
2007,beans,28,0,87.2,1,21.4,87.2,0.015,1,70.7,326.9,374.8,0.639,0.994,0.014,0.099,0.027,55.6,26.1,risky
2007,maize,29,1,127.6,1,40.5,96.9,0.237,1,70.7,326.9,374.8,0.639,0.551,0.004,0.019,0.229,4.5,-31.0,risky
2007,beans,29,0,127.6,1,40.5,96.9,0.237,1,70.7,326.9,374.8,0.639,0.981,0.004,0.087,0.028,44.2,18.7,risky
2007,maize,30,1,161.7,1,34.1,95.9,-0.379,1,70.7,326.9,374.8,0.639,0.328,0.002,0.021,0.341,-16.2,-56.6,risky
2007,beans,30,0,161.7,1,34.1,95.9,-0.379,1,70.7,326.9,374.8,0.639,0.929,0.002,0.106,0.057,31.9,4.4,risky
2007,maize,31,1,192.3,1,30.5,105.1,-0.47,1,70.7,326.9,374.8,0.639,0.122,0.004,0.018,0.444,-34.8,-74.0,risky
2007,beans,31,0,192.3,1,30.5,105.1,-0.47,1,70.7,326.9,374.8,0.639,0.641,0.004,0.106,0.202,6.8,-17.7,risky
2007,maize,32,1,233.2,1,40.9,105.6,-0.645,1,70.7,326.9,374.8,0.639,0.183,0.011,0.02,0.416,-32.0,-73.6,risky
2007,beans,32,0,233.2,1,40.9,105.6,-0.645,1,70.7,326.9,374.8,0.639,0.216,0.004,0.228,0.439,-17.7,-43.4,risky
2007,maize,33,1,268.6,1,35.4,106.9,-0.616,1,70.7,326.9,374.8,0.639,0.219,0.016,0.02,0.399,-27.6,-70.6,risky
2007,beans,33,0,268.6,1,35.4,106.9,-0.616,1,70.7,326.9,374.8,0.639,0.035,0.007,0.37,0.559,-39.8,-68.3,delay
2008,maize,25,1,0.0,0,29.4,51.4,0.584,1,56.4,305.7,375.2,0.416,0.989,0.041,0.002,0.018,69.3,29.8,risky
2008,beans,25,0,0.0,0,29.4,51.4,0.584,1,56.4,305.7,375.2,0.416,0.956,0.026,0.193,0.068,39.1,7.3,risky
2008,maize,26,1,23.6,0,23.6,59.7,0.025,1,56.4,305.7,375.2,0.416,0.977,0.054,0.003,0.028,55.4,16.9,risky
2008,beans,26,0,23.6,0,23.6,59.7,0.025,1,56.4,305.7,375.2,0.416,0.98,0.054,0.11,0.048,48.0,16.4,risky
2008,maize,27,1,48.9,1,25.3,78.3,0.087,1,56.4,305.7,375.2,0.416,0.913,0.027,0.007,0.053,38.7,1.5,risky
2008,beans,27,0,48.9,1,25.3,78.3,0.087,1,56.4,305.7,375.2,0.416,0.986,0.026,0.087,0.032,55.0,24.6,risky
2008,maize,28,1,75.6,1,26.7,75.6,-0.649,1,56.4,305.7,375.2,0.416,0.688,0.055,0.008,0.174,16.2,-21.3,risky
2008,beans,28,0,75.6,1,26.7,75.6,-0.649,1,56.4,305.7,375.2,0.416,0.977,0.055,0.046,0.037,48.3,16.0,risky
2008,maize,29,1,107.1,1,31.5,83.5,-0.499,1,56.4,305.7,375.2,0.416,0.52,0.034,0.009,0.252,1.3,-39.5,risky
2008,beans,29,0,107.1,1,31.5,83.5,-0.499,1,56.4,305.7,375.2,0.416,0.965,0.034,0.036,0.035,40.9,11.3,risky
2008,maize,30,1,142.5,1,35.4,93.6,-0.5,1,56.4,305.7,375.2,0.416,0.28,0.009,0.009,0.364,-17.1,-55.8,risky
2008,beans,30,0,142.5,1,35.4,93.6,-0.5,1,56.4,305.7,375.2,0.416,0.929,0.009,0.05,0.048,30.9,3.7,risky
2008,maize,31,1,184.8,1,42.2,109.2,-0.278,1,56.4,305.7,375.2,0.416,0.147,0.002,0.004,0.428,-34.4,-73.1,risky
2008,beans,31,0,184.8,1,42.2,109.2,-0.278,1,56.4,305.7,375.2,0.416,0.655,0.002,0.071,0.187,7.8,-17.3,risky
2008,maize,32,1,225.3,1,40.5,118.1,-0.01,1,56.4,305.7,375.2,0.416,0.226,0.001,0.014,0.39,-28.8,-69.5,risky
2008,beans,32,0,225.3,1,40.5,118.1,-0.01,1,56.4,305.7,375.2,0.416,0.294,0.001,0.1,0.373,-12.5,-41.1,risky
2008,maize,33,1,257.0,1,31.7,114.5,-0.156,1,56.4,305.7,375.2,0.416,0.236,0.01,0.007,0.386,-25.7,-68.5,risky
2008,beans,33,0,257.0,1,31.7,114.5,-0.156,1,56.4,305.7,375.2,0.416,0.051,0.003,0.28,0.531,-35.5,-63.6,risky
2009,maize,25,1,0.0,0,8.8,30.2,-0.279,0,30.3,355.3,366.0,0.953,0.991,0.09,0.043,0.04,66.7,25.6,risky
2009,beans,25,0,0.0,0,8.8,30.2,-0.279,0,30.3,355.3,366.0,0.953,0.923,0.07,0.506,0.161,38.7,4.5,risky
2009,maize,26,1,21.7,0,21.7,48.9,-0.445,1,30.3,355.3,366.0,0.953,0.946,0.101,0.044,0.066,50.0,9.0,suitable
2009,beans,26,0,21.7,0,21.7,48.9,-0.445,1,30.3,355.3,366.0,0.953,0.949,0.095,0.399,0.134,43.0,12.0,risky
2009,maize,27,1,54.1,1,32.4,62.9,-0.646,1,30.3,355.3,366.0,0.953,0.837,0.078,0.075,0.12,30.9,-7.4,suitable
2009,beans,27,0,54.1,1,32.4,62.9,-0.646,1,30.3,355.3,366.0,0.953,0.972,0.077,0.335,0.104,47.1,17.5,risky
2009,maize,28,1,79.2,1,25.1,79.2,-0.441,1,30.3,355.3,366.0,0.953,0.746,0.037,0.089,0.156,19.5,-19.6,risky
2009,beans,28,0,79.2,1,25.1,79.2,-0.441,1,30.3,355.3,366.0,0.953,0.982,0.037,0.23,0.066,50.9,20.1,risky
2009,maize,29,1,124.0,1,44.8,102.2,0.529,1,30.3,355.3,366.0,0.953,0.586,0.002,0.104,0.228,6.4,-32.6,risky
2009,beans,29,0,124.0,1,44.8,102.2,0.529,1,30.3,355.3,366.0,0.953,0.987,0.002,0.216,0.05,44.8,17.4,suitable
2009,maize,30,1,160.2,1,36.2,106.0,0.158,1,30.3,355.3,366.0,0.953,0.337,0.0,0.081,0.348,-11.5,-49.4,risky
2009,beans,30,0,160.2,1,36.2,106.0,0.158,1,30.3,355.3,366.0,0.953,0.965,0.0,0.212,0.06,35.0,9.8,suitable
2009,maize,31,1,194.4,1,34.3,115.2,0.003,1,30.3,355.3,366.0,0.953,0.15,0.001,0.07,0.439,-33.4,-70.4,risky
2009,beans,31,0,194.4,1,34.3,115.2,0.003,1,30.3,355.3,366.0,0.953,0.697,0.001,0.239,0.2,10.1,-15.4,risky
2009,maize,32,1,224.9,1,30.5,101.0,-0.878,1,30.3,355.3,366.0,0.953,0.18,0.013,0.084,0.431,-33.0,-72.0,suitable
2009,beans,32,0,224.9,1,30.5,101.0,-0.878,1,30.3,355.3,366.0,0.953,0.208,0.009,0.405,0.48,-16.7,-45.4,risky
2009,maize,33,1,264.9,1,40.0,104.8,-0.747,1,30.3,355.3,366.0,0.953,0.214,0.027,0.061,0.413,-28.4,-70.9,risky
2009,beans,33,0,264.9,1,40.0,104.8,-0.747,1,30.3,355.3,366.0,0.953,0.029,0.014,0.592,0.608,-40.4,-67.6,risky
2010,maize,25,1,0.0,0,13.5,13.5,-0.961,0,15.0,355.6,381.9,0.535,0.969,0.159,0.01,0.065,61.8,17.2,suitable
2010,beans,25,0,0.0,0,13.5,13.5,-0.961,0,15.0,355.6,381.9,0.535,0.862,0.134,0.259,0.161,31.9,-5.3,risky
2010,maize,26,1,50.6,1,50.6,64.2,0.219,1,15.0,355.6,381.9,0.535,0.973,0.044,0.004,0.028,56.1,17.7,risky
2010,beans,26,0,50.6,1,50.6,64.2,0.219,1,15.0,355.6,381.9,0.535,0.977,0.04,0.186,0.061,48.4,17.3,risky
2010,maize,27,1,81.9,1,31.2,95.4,0.901,1,15.0,355.6,381.9,0.535,0.919,0.008,0.01,0.045,40.8,2.9,risky
2010,beans,27,0,81.9,1,31.2,95.4,0.901,1,15.0,355.6,381.9,0.535,0.994,0.008,0.15,0.035,56.7,27.7,risky
2010,maize,28,1,94.6,1,12.8,94.6,0.444,0,15.0,355.6,381.9,0.535,0.757,0.011,0.011,0.127,22.6,-18.8,risky
2010,beans,28,0,94.6,1,12.8,94.6,0.444,0,15.0,355.6,381.9,0.535,0.982,0.011,0.063,0.025,53.2,23.1,risky
2010,maize,29,1,121.2,1,26.5,70.5,-1.214,1,15.0,355.6,381.9,0.535,0.436,0.08,0.012,0.308,-4.6,-44.4,risky
2010,beans,29,0,121.2,1,26.5,70.5,-1.214,1,15.0,355.6,381.9,0.535,0.927,0.078,0.051,0.07,35.3,5.1,suitable
2010,maize,30,1,157.7,1,36.5,75.8,-1.447,1,15.0,355.6,381.9,0.535,0.23,0.033,0.008,0.397,-23.9,-62.3,risky
2010,beans,30,0,157.7,1,36.5,75.8,-1.447,1,15.0,355.6,381.9,0.535,0.874,0.033,0.073,0.088,24.1,-3.7,risky
2010,maize,31,1,197.3,1,39.7,102.7,-0.582,1,15.0,355.6,381.9,0.535,0.16,0.006,0.01,0.424,-35.3,-75.8,risky
2010,beans,31,0,197.3,1,39.7,102.7,-0.582,1,15.0,355.6,381.9,0.535,0.623,0.005,0.083,0.207,7.4,-21.1,risky
2010,maize,32,1,236.4,1,39.1,115.2,-0.156,1,15.0,355.6,381.9,0.535,0.201,0.002,0.012,0.402,-29.5,-67.9,risky
2010,beans,32,0,236.4,1,39.1,115.2,-0.156,1,15.0,355.6,381.9,0.535,0.26,0.001,0.17,0.404,-13.3,-39.7,delay
2010,maize,33,1,272.1,1,35.7,114.5,-0.156,1,15.0,355.6,381.9,0.535,0.265,0.007,0.016,0.373,-24.7,-69.9,delay
2010,beans,33,0,272.1,1,35.7,114.5,-0.156,1,15.0,355.6,381.9,0.535,0.049,0.0,0.313,0.538,-38.4,-66.0,delay
2011,maize,25,1,0.0,0,37.2,68.4,1.278,1,81.3,377.4,350.8,0.024,0.998,0.012,0.0,0.005,75.2,37.5,suitable
2011,beans,25,0,0.0,0,37.2,68.4,1.278,1,81.3,377.4,350.8,0.024,0.971,0.006,0.074,0.031,44.2,14.5,suitable
2011,maize,26,1,39.4,1,39.4,107.1,2.091,1,81.3,377.4,350.8,0.024,0.988,0.002,0.0,0.007,58.5,21.7,suitable
2011,beans,26,0,39.4,1,39.4,107.1,2.091,1,81.3,377.4,350.8,0.024,0.995,0.002,0.03,0.009,51.6,23.3,suitable
2011,maize,27,1,74.8,1,35.4,112.0,1.692,1,81.3,377.4,350.8,0.024,0.928,0.003,0.001,0.037,41.1,5.9,suitable
2011,beans,27,0,74.8,1,35.4,112.0,1.692,1,81.3,377.4,350.8,0.024,0.995,0.003,0.024,0.008,57.1,27.2,suitable
2011,maize,28,1,118.8,1,44.0,118.8,1.832,1,81.3,377.4,350.8,0.024,0.805,0.0,0.0,0.097,25.7,-9.8,suitable
2011,beans,28,0,118.8,1,44.0,118.8,1.832,1,81.3,377.4,350.8,0.024,0.995,0.0,0.009,0.004,57.2,28.9,suitable
2011,maize,29,1,162.0,1,43.2,122.6,1.65,1,81.3,377.4,350.8,0.024,0.584,0.0,0.001,0.208,6.1,-30.6,suitable
2011,beans,29,0,162.0,1,43.2,122.6,1.65,1,81.3,377.4,350.8,0.024,0.984,0.0,0.013,0.011,44.7,18.6,suitable
2011,maize,30,1,221.7,1,59.7,146.9,2.327,1,81.3,377.4,350.8,0.024,0.353,0.002,0.003,0.325,-11.6,-47.2,risky
2011,beans,30,0,221.7,1,59.7,146.9,2.327,1,81.3,377.4,350.8,0.024,0.963,0.002,0.016,0.022,34.8,10.0,suitable
2011,maize,31,1,275.2,1,53.5,156.4,1.926,1,81.3,377.4,350.8,0.024,0.186,0.001,0.001,0.408,-26.7,-66.9,risky
2011,beans,31,0,275.2,1,53.5,156.4,1.926,1,81.3,377.4,350.8,0.024,0.745,0.001,0.015,0.131,13.3,-10.6,suitable
2011,maize,32,1,313.6,1,38.3,151.5,1.677,1,81.3,377.4,350.8,0.024,0.239,0.002,0.0,0.381,-25.0,-67.2,risky
2011,beans,32,0,313.6,1,38.3,151.5,1.677,1,81.3,377.4,350.8,0.024,0.285,0.001,0.036,0.365,-11.9,-34.5,suitable
2011,maize,33,1,357.7,1,44.1,136.0,1.156,1,81.3,377.4,350.8,0.024,0.275,0.004,0.0,0.364,-20.8,-62.8,risky
2011,beans,33,0,357.7,1,44.1,136.0,1.156,1,81.3,377.4,350.8,0.024,0.042,0.003,0.109,0.502,-33.2,-57.2,risky
2012,maize,25,1,0.0,0,33.2,49.8,0.518,1,52.4,449.3,493.4,0.044,0.991,0.044,0.0,0.018,71.1,33.6,suitable
2012,beans,25,0,0.0,0,33.2,49.8,0.518,1,52.4,449.3,493.4,0.044,0.944,0.035,0.085,0.056,41.6,9.2,suitable
2012,maize,26,1,35.4,1,35.4,76.2,0.745,1,52.4,449.3,493.4,0.044,0.972,0.02,0.001,0.02,58.5,20.0,suitable
2012,beans,26,0,35.4,1,35.4,76.2,0.745,1,52.4,449.3,493.4,0.044,0.988,0.018,0.049,0.021,50.1,19.9,suitable
2012,maize,27,1,81.0,1,45.6,114.2,1.799,1,52.4,449.3,493.4,0.044,0.944,0.002,0.0,0.029,43.5,6.6,suitable
2012,beans,27,0,81.0,1,45.6,114.2,1.799,1,52.4,449.3,493.4,0.044,0.994,0.002,0.024,0.008,59.7,32.9,risky
2012,maize,28,1,105.0,1,24.0,105.0,1.039,1,52.4,449.3,493.4,0.044,0.781,0.004,0.001,0.111,22.8,-13.8,suitable
2012,beans,28,0,105.0,1,24.0,105.0,1.039,1,52.4,449.3,493.4,0.044,0.995,0.004,0.008,0.005,54.7,25.6,suitable
2012,maize,29,1,135.2,1,30.3,99.9,0.398,1,52.4,449.3,493.4,0.044,0.572,0.003,0.001,0.215,5.4,-29.8,suitable
2012,beans,29,0,135.2,1,30.3,99.9,0.398,1,52.4,449.3,493.4,0.044,0.977,0.003,0.007,0.014,45.4,20.0,suitable
2012,maize,30,1,191.6,1,56.4,110.7,0.404,1,52.4,449.3,493.4,0.044,0.312,0.0,0.002,0.344,-15.3,-52.8,suitable
2012,beans,30,0,191.6,1,56.4,110.7,0.404,1,52.4,449.3,493.4,0.044,0.946,0.0,0.005,0.028,33.7,7.8,suitable
2012,maize,31,1,249.5,1,57.9,144.5,1.371,1,52.4,449.3,493.4,0.044,0.19,0.0,0.001,0.405,-27.2,-66.1,suitable
2012,beans,31,0,249.5,1,57.9,144.5,1.371,1,52.4,449.3,493.4,0.044,0.755,0.0,0.015,0.126,13.7,-11.2,suitable
2012,maize,32,1,295.8,1,46.3,160.6,2.135,1,52.4,449.3,493.4,0.044,0.271,0.001,0.001,0.365,-23.4,-61.2,risky
2012,beans,32,0,295.8,1,46.3,160.6,2.135,1,52.4,449.3,493.4,0.044,0.345,0.001,0.039,0.336,-7.9,-34.5,suitable
2012,maize,33,1,332.9,1,37.1,141.3,1.477,1,52.4,449.3,493.4,0.044,0.291,0.001,0.0,0.355,-18.5,-61.7,suitable
2012,beans,33,0,332.9,1,37.1,141.3,1.477,1,52.4,449.3,493.4,0.044,0.059,0.0,0.105,0.492,-32.2,-57.4,risky
2013,maize,25,1,0.0,0,16.1,31.1,-0.244,0,31.1,408.6,505.7,0.618,0.987,0.109,0.011,0.041,64.4,26.0,suitable
2013,beans,25,0,0.0,0,16.1,31.1,-0.244,0,31.1,408.6,505.7,0.618,0.926,0.084,0.299,0.122,33.9,3.9,suitable
2013,maize,26,1,33.0,1,33.0,63.1,0.173,1,31.1,408.6,505.7,0.618,0.961,0.059,0.01,0.039,51.9,13.9,suitable
2013,beans,26,0,33.0,1,33.0,63.1,0.173,1,31.1,408.6,505.7,0.618,0.967,0.056,0.226,0.079,45.7,13.2,risky
2013,maize,27,1,59.3,1,26.3,75.4,-0.053,1,31.1,408.6,505.7,0.618,0.894,0.044,0.015,0.069,39.3,-1.2,suitable
2013,beans,27,0,59.3,1,26.3,75.4,-0.053,1,31.1,408.6,505.7,0.618,0.981,0.044,0.162,0.055,56.1,22.2,suitable
2013,maize,28,1,102.0,1,42.8,102.0,0.87,1,31.1,408.6,505.7,0.618,0.786,0.001,0.015,0.11,23.8,-13.3,suitable
2013,beans,28,0,102.0,1,42.8,102.0,0.87,1,31.1,408.6,505.7,0.618,0.993,0.001,0.088,0.021,55.6,25.9,suitable
2013,maize,29,1,130.6,1,28.6,97.6,0.276,1,31.1,408.6,505.7,0.618,0.584,0.001,0.027,0.214,4.7,-30.1,risky
2013,beans,29,0,130.6,1,28.6,97.6,0.276,1,31.1,408.6,505.7,0.618,0.988,0.001,0.09,0.024,44.5,20.2,suitable
2013,maize,30,1,156.4,1,25.8,97.1,-0.314,1,31.1,408.6,505.7,0.618,0.282,0.002,0.032,0.366,-18.2,-55.4,risky
2013,beans,30,0,156.4,1,25.8,97.1,-0.314,1,31.1,408.6,505.7,0.618,0.94,0.002,0.091,0.049,31.4,4.3,suitable
2013,maize,31,1,193.8,1,37.4,91.7,-1.094,1,31.1,408.6,505.7,0.618,0.125,0.025,0.014,0.448,-39.2,-80.0,risky
2013,beans,31,0,193.8,1,37.4,91.7,-1.094,1,31.1,408.6,505.7,0.618,0.546,0.025,0.092,0.253,2.2,-25.9,suitable
2013,maize,32,1,235.9,1,42.2,105.3,-0.659,1,31.1,408.6,505.7,0.618,0.177,0.009,0.016,0.417,-31.0,-75.3,risky
2013,beans,32,0,235.9,1,42.2,105.3,-0.659,1,31.1,408.6,505.7,0.618,0.242,0.007,0.197,0.42,-16.6,-46.3,risky
2013,maize,33,1,270.1,1,34.1,113.7,-0.204,1,31.1,408.6,505.7,0.618,0.253,0.008,0.012,0.378,-23.7,-67.8,suitable
2013,beans,33,0,270.1,1,34.1,113.7,-0.204,1,31.1,408.6,505.7,0.618,0.058,0.006,0.369,0.547,-38.4,-65.8,risky
2014,beans,25,0,0.0,0,53.2,89.3,2.128,1,97.7,361.5,434.1,0.09,0.981,0.002,0.086,0.027,45.5,16.6,suitable
2014,beans,26,0,33.8,1,33.8,118.7,2.595,1,97.7,361.5,434.1,0.09,0.991,0.003,0.057,0.017,52.0,23.2,suitable
2014,beans,27,0,63.0,1,29.2,116.2,1.892,1,97.7,361.5,434.1,0.09,0.994,0.004,0.041,0.012,57.2,28.4,suitable
2014,beans,28,0,100.8,1,37.8,100.8,0.799,1,97.7,361.5,434.1,0.09,0.994,0.004,0.01,0.006,54.3,27.4,suitable
2015,maize,25,1,0.0,0,6.2,13.1,-0.979,0,13.1,359.1,459.4,5.05,0.97,0.161,1.0,0.263,60.3,19.2,risky
2015,beans,25,0,0.0,0,6.2,13.1,-0.979,0,13.1,359.1,459.4,5.05,0.87,0.127,1.0,0.303,31.1,-3.8,risky
2015,maize,26,1,42.9,1,42.9,55.2,-0.173,1,13.1,359.1,459.4,5.05,0.943,0.08,1.0,0.253,49.5,10.2,risky
2015,beans,26,0,42.9,1,42.9,55.2,-0.173,1,13.1,359.1,459.4,5.05,0.966,0.074,1.0,0.239,44.1,11.0,risky
2015,maize,27,1,65.0,1,22.0,71.2,-0.252,1,13.1,359.1,459.4,5.05,0.849,0.052,1.0,0.291,35.3,-5.0,risky
2015,beans,27,0,65.0,1,22.0,71.2,-0.252,1,13.1,359.1,459.4,5.05,0.984,0.052,1.0,0.224,50.9,18.3,risky
2015,maize,28,1,110.7,1,45.8,110.7,1.367,1,13.1,359.1,459.4,5.05,0.8,0.001,1.0,0.3,24.5,-13.1,risky
2015,beans,28,0,110.7,1,45.8,110.7,1.367,1,13.1,359.1,459.4,5.05,0.994,0.001,1.0,0.203,55.6,26.5,risky
2015,maize,29,1,145.0,1,34.2,102.0,0.519,1,13.1,359.1,459.4,5.05,0.547,0.001,1.0,0.427,4.1,-32.9,risky
2015,beans,29,0,145.0,1,34.2,102.0,0.519,1,13.1,359.1,459.4,5.05,0.992,0.001,1.0,0.204,44.3,18.2,risky
2015,maize,30,1,188.3,1,43.3,123.3,1.075,1,13.1,359.1,459.4,5.05,0.353,0.005,1.0,0.525,-12.0,-48.7,risky
2015,beans,30,0,188.3,1,43.3,123.3,1.075,1,13.1,359.1,459.4,5.05,0.957,0.005,1.0,0.223,35.7,10.2,risky
2015,maize,31,1,234.2,1,45.9,123.5,0.387,1,13.1,359.1,459.4,5.05,0.156,0.0,1.0,0.622,-30.5,-73.8,risky
2015,beans,31,0,234.2,1,45.9,123.5,0.387,1,13.1,359.1,459.4,5.05,0.715,0.0,1.0,0.343,9.6,-14.0,risky
2015,maize,32,1,272.9,1,38.7,128.0,0.486,1,13.1,359.1,459.4,5.05,0.214,0.001,1.0,0.593,-27.9,-66.5,risky
2015,beans,32,0,272.9,1,38.7,128.0,0.486,1,13.1,359.1,459.4,5.05,0.259,0.001,1.0,0.571,-13.0,-37.3,risky
2015,maize,33,1,308.8,1,35.9,120.5,0.213,1,13.1,359.1,459.4,5.05,0.261,0.012,1.0,0.573,-23.6,-69.2,risky
2015,beans,33,0,308.8,1,35.9,120.5,0.213,1,13.1,359.1,459.4,5.05,0.047,0.003,1.0,0.677,-35.2,-62.5,risky
2016,maize,25,1,0.0,0,2.8,7.7,-1.197,0,11.5,314.7,423.7,5.119,0.969,0.169,1.0,0.266,59.6,20.1,risky
2016,beans,25,0,0.0,0,2.8,7.7,-1.197,0,11.5,314.7,423.7,5.119,0.884,0.131,1.0,0.297,30.9,-1.7,risky
2016,maize,26,1,7.8,0,7.8,15.6,-1.896,0,11.5,314.7,423.7,5.119,0.881,0.25,1.0,0.335,38.5,-2.4,risky
2016,beans,26,0,7.8,0,7.8,15.6,-1.896,0,11.5,314.7,423.7,5.119,0.878,0.238,1.0,0.332,33.4,-2.4,risky
2016,maize,27,1,43.4,1,35.6,46.2,-1.441,1,11.5,314.7,423.7,5.119,0.798,0.146,1.0,0.345,25.7,-12.9,risky
2016,beans,27,0,43.4,1,35.6,46.2,-1.441,1,11.5,314.7,423.7,5.119,0.95,0.144,1.0,0.268,42.1,8.7,risky
2016,maize,28,1,103.1,1,59.7,103.1,0.929,1,11.5,314.7,423.7,5.119,0.799,0.006,1.0,0.302,24.3,-13.3,risky
2016,beans,28,0,103.1,1,59.7,103.1,0.929,1,11.5,314.7,423.7,5.119,0.987,0.006,1.0,0.208,54.0,26.6,risky
2016,maize,29,1,186.1,1,83.0,178.3,4.712,1,11.5,314.7,423.7,5.119,0.599,0.002,1.0,0.401,7.0,-31.1,risky
2016,beans,29,0,186.1,1,83.0,178.3,4.712,1,11.5,314.7,423.7,5.119,0.989,0.002,1.0,0.206,46.2,19.7,risky
2016,maize,30,1,221.3,1,35.2,177.9,3.972,1,11.5,314.7,423.7,5.119,0.37,0.0,1.0,0.515,-9.8,-47.8,risky
2016,beans,30,0,221.3,1,35.2,177.9,3.972,1,11.5,314.7,423.7,5.119,0.979,0.0,1.0,0.211,36.3,12.9,risky
2016,maize,31,1,265.9,1,44.6,162.8,2.225,1,11.5,314.7,423.7,5.119,0.172,0.001,1.0,0.614,-28.9,-69.0,risky
2016,beans,31,0,265.9,1,44.6,162.8,2.225,1,11.5,314.7,423.7,5.119,0.743,0.001,1.0,0.329,12.1,-10.8,risky
2016,maize,32,1,301.5,1,35.6,115.4,-0.149,1,11.5,314.7,423.7,5.119,0.201,0.002,1.0,0.6,-28.5,-68.0,delay
2016,beans,32,0,301.5,1,35.6,115.4,-0.149,1,11.5,314.7,423.7,5.119,0.252,0.001,1.0,0.574,-12.9,-41.8,risky
2016,maize,33,1,344.0,1,42.5,122.6,0.342,1,11.5,314.7,423.7,5.119,0.26,0.007,1.0,0.572,-23.8,-65.1,delay
2016,beans,33,0,344.0,1,42.5,122.6,0.342,1,11.5,314.7,423.7,5.119,0.053,0.004,1.0,0.675,-35.4,-60.5,delay
2017,maize,25,1,0.0,0,31.9,50.7,0.555,1,56.3,152.8,447.5,3.237,0.996,0.033,1.0,0.212,69.1,31.4,risky
2017,beans,25,0,0.0,0,31.9,50.7,0.555,1,56.3,152.8,447.5,3.237,0.95,0.026,1.0,0.233,40.4,7.1,risky
2017,maize,26,1,38.3,1,38.3,83.2,1.046,1,56.3,152.8,447.5,3.237,0.97,0.016,1.0,0.22,58.2,21.2,risky
2017,beans,26,0,38.3,1,38.3,83.2,1.046,1,56.3,152.8,447.5,3.237,0.982,0.016,1.0,0.214,50.4,20.9,risky
2017,maize,27,1,69.6,1,31.3,101.4,1.189,1,56.3,152.8,447.5,3.237,0.932,0.004,1.0,0.235,42.0,5.1,risky
2017,beans,27,0,69.6,1,31.3,101.4,1.189,1,56.3,152.8,447.5,3.237,0.994,0.004,1.0,0.204,58.0,29.9,risky
2017,maize,28,1,92.9,1,23.3,92.9,0.343,1,56.3,152.8,447.5,3.237,0.812,0.004,1.0,0.295,22.3,-10.2,risky
2017,beans,28,0,92.9,1,23.3,92.9,0.343,1,56.3,152.8,447.5,3.237,0.997,0.004,1.0,0.203,54.9,27.5,risky
2017,maize,29,1,117.2,1,24.3,78.9,-0.753,1,56.3,152.8,447.5,3.237,0.456,0.044,1.0,0.485,-3.2,-42.5,risky
2017,beans,29,0,117.2,1,24.3,78.9,-0.753,1,56.3,152.8,447.5,3.237,0.948,0.043,1.0,0.239,38.9,8.9,risky
2017,maize,30,1,150.3,1,33.2,80.8,-1.182,1,56.3,152.8,447.5,3.237,0.264,0.045,1.0,0.582,-19.4,-63.2,risky
2017,beans,30,0,150.3,1,33.2,80.8,-1.182,1,56.3,152.8,447.5,3.237,0.884,0.044,1.0,0.271,27.1,-2.6,risky
2017,maize,31,1,191.4,1,41.0,98.5,-0.777,1,56.3,152.8,447.5,3.237,0.147,0.01,1.0,0.629,-36.7,-77.1,risky
2017,beans,31,0,191.4,1,41.0,98.5,-0.777,1,56.3,152.8,447.5,3.237,0.61,0.01,1.0,0.398,6.4,-22.1,risky
2017,maize,32,1,242.7,1,51.4,125.6,0.364,1,56.3,152.8,447.5,3.237,0.224,0.001,1.0,0.588,-25.4,-67.4,risky
2017,beans,32,0,242.7,1,51.4,125.6,0.364,1,56.3,152.8,447.5,3.237,0.279,0.0,1.0,0.56,-13.0,-38.1,risky
2017,maize,33,1,272.5,1,29.8,122.2,0.315,1,56.3,152.8,447.5,3.237,0.258,0.006,1.0,0.573,-24.6,-63.0,delay
2017,beans,33,0,272.5,1,29.8,122.2,0.315,1,56.3,152.8,447.5,3.237,0.054,0.002,1.0,0.674,-35.7,-60.6,delay
2018,maize,25,1,0.0,0,59.4,70.4,1.356,1,76.5,487.3,355.3,0.956,0.994,0.008,0.056,0.017,74.4,37.7,risky
2018,beans,25,0,0.0,0,59.4,70.4,1.356,1,76.5,487.3,355.3,0.956,0.978,0.004,0.481,0.108,45.4,14.7,risky
2018,maize,26,1,13.0,0,13.0,76.4,0.752,0,76.5,487.3,355.3,0.956,0.975,0.024,0.056,0.031,57.5,18.8,risky
2018,beans,26,0,13.0,0,13.0,76.4,0.752,0,76.5,487.3,355.3,0.956,0.985,0.022,0.368,0.088,50.9,17.8,risky
2018,maize,27,1,34.3,0,21.3,93.8,0.825,1,76.5,487.3,355.3,0.956,0.913,0.004,0.07,0.059,38.8,2.6,risky
2018,beans,27,0,34.3,0,21.3,93.8,0.825,1,76.5,487.3,355.3,0.956,0.996,0.004,0.336,0.07,56.5,27.8,risky
2018,maize,28,1,62.7,1,28.3,62.7,-1.39,1,76.5,487.3,355.3,0.956,0.624,0.105,0.111,0.242,10.5,-34.5,risky
2018,beans,28,0,62.7,1,28.3,62.7,-1.39,1,76.5,487.3,355.3,0.956,0.95,0.104,0.243,0.105,43.0,9.1,risky
2018,maize,29,1,85.0,1,22.4,72.0,-1.133,1,76.5,487.3,355.3,0.956,0.424,0.062,0.101,0.327,-7.0,-47.2,risky
2018,beans,29,0,85.0,1,22.4,72.0,-1.133,1,76.5,487.3,355.3,0.956,0.938,0.062,0.216,0.093,36.2,5.3,risky
2018,maize,30,1,121.6,1,36.6,87.3,-0.838,1,76.5,487.3,355.3,0.956,0.255,0.013,0.072,0.391,-20.6,-57.8,risky
2018,beans,30,0,121.6,1,36.6,87.3,-0.838,1,76.5,487.3,355.3,0.956,0.907,0.013,0.214,0.093,29.1,1.6,risky
2018,maize,31,1,177.2,1,55.6,114.5,-0.03,1,76.5,487.3,355.3,0.956,0.176,0.001,0.074,0.427,-30.7,-71.3,risky
2018,beans,31,0,177.2,1,55.6,114.5,-0.03,1,76.5,487.3,355.3,0.956,0.708,0.001,0.247,0.196,10.8,-13.7,risky
2018,maize,32,1,209.9,1,32.7,124.8,0.328,1,76.5,487.3,355.3,0.956,0.203,0.0,0.086,0.416,-29.5,-69.2,risky
2018,beans,32,0,209.9,1,32.7,124.8,0.328,1,76.5,487.3,355.3,0.956,0.256,0.0,0.438,0.46,-13.1,-38.9,delay
2018,maize,33,1,236.1,1,26.2,114.5,-0.155,1,76.5,487.3,355.3,0.956,0.218,0.005,0.067,0.406,-25.7,-70.5,risky
2018,beans,33,0,236.1,1,26.2,114.5,-0.155,1,76.5,487.3,355.3,0.956,0.041,0.003,0.606,0.602,-37.6,-66.2,delay
2019,maize,25,1,0.0,0,52.7,68.5,1.28,1,98.1,346.0,336.2,1.548,0.992,0.009,0.336,0.074,73.6,33.9,suitable
2019,beans,25,0,0.0,0,52.7,68.5,1.28,1,98.1,346.0,336.2,1.548,0.968,0.005,0.825,0.183,43.7,14.4,risky
2019,maize,26,1,34.4,1,34.4,92.2,1.439,1,98.1,346.0,336.2,1.548,0.979,0.003,0.363,0.084,59.2,20.0,suitable
2019,beans,26,0,34.4,1,34.4,92.2,1.439,1,98.1,346.0,336.2,1.548,0.99,0.002,0.786,0.163,52.7,21.0,suitable
2019,maize,27,1,73.0,1,38.6,125.6,2.342,1,98.1,346.0,336.2,1.548,0.926,0.002,0.432,0.124,41.0,5.5,suitable
2019,beans,27,0,73.0,1,38.6,125.6,2.342,1,98.1,346.0,336.2,1.548,0.996,0.002,0.728,0.148,56.4,30.1,suitable
2019,maize,28,1,100.1,1,27.1,100.1,0.759,1,98.1,346.0,336.2,1.548,0.787,0.006,0.475,0.203,23.2,-12.7,suitable
2019,beans,28,0,100.1,1,27.1,100.1,0.759,1,98.1,346.0,336.2,1.548,0.996,0.006,0.591,0.122,54.6,28.1,suitable
2019,maize,29,1,124.7,1,24.6,90.3,-0.128,1,98.1,346.0,336.2,1.548,0.501,0.009,0.496,0.351,0.3,-36.7,suitable
2019,beans,29,0,124.7,1,24.6,90.3,-0.128,1,98.1,346.0,336.2,1.548,0.972,0.009,0.61,0.139,41.2,13.5,suitable
2019,maize,30,1,196.8,1,72.1,123.8,1.103,1,98.1,346.0,336.2,1.548,0.346,0.0,0.416,0.41,-11.4,-48.9,suitable
2019,beans,30,0,196.8,1,72.1,123.8,1.103,1,98.1,346.0,336.2,1.548,0.965,0.0,0.578,0.133,35.3,10.5,suitable
2019,maize,31,1,278.1,1,81.3,178.0,2.933,1,98.1,346.0,336.2,1.548,0.182,0.0,0.412,0.491,-28.7,-67.0,suitable
2019,beans,31,0,278.1,1,81.3,178.0,2.933,1,98.1,346.0,336.2,1.548,0.756,0.0,0.637,0.249,13.6,-11.6,suitable
2019,maize,32,1,300.8,1,22.7,176.1,2.917,1,98.1,346.0,336.2,1.548,0.243,0.0,0.382,0.455,-24.5,-63.8,suitable
2019,beans,32,0,300.8,1,22.7,176.1,2.917,1,98.1,346.0,336.2,1.548,0.308,0.0,0.773,0.501,-9.8,-33.4,suitable
2019,maize,33,1,358.8,1,58.1,162.0,2.741,1,98.1,346.0,336.2,1.548,0.295,0.0,0.389,0.43,-19.8,-61.3,suitable
2019,beans,33,0,358.8,1,58.1,162.0,2.741,1,98.1,346.0,336.2,1.548,0.056,0.0,0.895,0.651,-32.1,-56.3,suitable
2020,maize,25,1,0.0,0,13.5,18.3,-0.766,0,28.0,469.5,504.9,0.847,0.979,0.141,0.028,0.058,61.9,20.9,suitable
2020,beans,25,0,0.0,0,13.5,18.3,-0.766,0,28.0,469.5,504.9,0.847,0.885,0.116,0.444,0.181,31.9,-1.9,risky
2020,maize,26,1,26.0,1,26.0,42.0,-0.747,1,28.0,469.5,504.9,0.847,0.941,0.088,0.028,0.062,49.4,9.9,suitable
2020,beans,26,0,26.0,1,26.0,42.0,-0.747,1,28.0,469.5,504.9,0.847,0.946,0.086,0.333,0.119,41.5,10.5,suitable
2020,maize,27,1,35.9,1,9.9,49.4,-1.288,0,28.0,469.5,504.9,0.847,0.815,0.134,0.054,0.144,30.8,-13.1,suitable
2020,beans,27,0,35.9,1,9.9,49.4,-1.288,0,28.0,469.5,504.9,0.847,0.955,0.131,0.291,0.12,45.3,9.9,suitable
2020,maize,28,1,71.3,1,35.4,71.3,-0.893,1,28.0,469.5,504.9,0.847,0.687,0.076,0.059,0.191,16.2,-24.7,suitable
2020,beans,28,0,71.3,1,35.4,71.3,-0.893,1,28.0,469.5,504.9,0.847,0.968,0.075,0.187,0.076,47.4,15.4,suitable
2020,maize,29,1,97.7,1,26.4,71.7,-1.15,1,28.0,469.5,504.9,0.847,0.414,0.057,0.05,0.32,-6.6,-43.4,suitable
2020,beans,29,0,97.7,1,26.4,71.7,-1.15,1,28.0,469.5,504.9,0.847,0.93,0.056,0.152,0.082,35.7,5.5,suitable
2020,maize,30,1,140.6,1,42.9,104.7,0.085,1,28.0,469.5,504.9,0.847,0.334,0.0,0.042,0.341,-14.2,-52.8,suitable
2020,beans,30,0,140.6,1,42.9,104.7,0.085,1,28.0,469.5,504.9,0.847,0.959,0.0,0.148,0.05,34.9,8.7,suitable
2020,maize,31,1,216.8,1,76.2,145.5,1.417,1,28.0,469.5,504.9,0.847,0.15,0.0,0.037,0.432,-30.4,-67.2,suitable
2020,beans,31,0,216.8,1,76.2,145.5,1.417,1,28.0,469.5,504.9,0.847,0.743,0.0,0.199,0.168,12.0,-12.0,suitable
2020,maize,32,1,268.9,1,52.1,171.2,2.672,1,28.0,469.5,504.9,0.847,0.26,0.001,0.063,0.383,-23.3,-62.4,suitable
2020,beans,32,0,268.9,1,52.1,171.2,2.672,1,28.0,469.5,504.9,0.847,0.363,0.001,0.354,0.39,-8.7,-34.7,suitable
2020,maize,33,1,338.5,1,69.6,197.9,4.927,1,28.0,469.5,504.9,0.847,0.336,0.003,0.049,0.343,-15.9,-62.5,delay
2020,beans,33,0,338.5,1,69.6,197.9,4.927,1,28.0,469.5,504.9,0.847,0.067,0.0,0.524,0.571,-32.2,-59.1,delay
2022,maize,25,1,0.0,0,42.3,95.6,2.385,1,114.3,309.5,403.2,0.0,0.992,0.003,0.0,0.005,74.6,38.4,suitable
2022,beans,25,0,0.0,0,42.3,95.6,2.385,1,114.3,309.5,403.2,0.0,0.972,0.0,0.055,0.025,46.2,15.9,suitable
2022,maize,26,1,33.4,1,33.4,96.3,1.619,1,114.3,309.5,403.2,0.0,0.981,0.0,0.0,0.01,57.2,23.0,suitable
2022,beans,26,0,33.4,1,33.4,96.3,1.619,1,114.3,309.5,403.2,0.0,0.991,0.0,0.036,0.012,49.4,22.3,suitable
2022,maize,27,1,72.6,1,39.2,114.9,1.832,1,114.3,309.5,403.2,0.0,0.929,0.004,0.001,0.037,40.6,6.8,suitable
2022,beans,27,0,72.6,1,39.2,114.9,1.832,1,114.3,309.5,403.2,0.0,0.997,0.004,0.034,0.01,56.6,29.1,suitable
2022,maize,28,1,119.4,1,46.8,119.4,1.867,1,114.3,309.5,403.2,0.0,0.798,0.0,0.001,0.101,24.1,-12.3,suitable
2022,beans,28,0,119.4,1,46.8,119.4,1.867,1,114.3,309.5,403.2,0.0,0.996,0.0,0.01,0.004,55.0,27.7,suitable
2022,maize,29,1,140.3,1,20.8,106.9,0.784,1,114.3,309.5,403.2,0.0,0.56,0.001,0.0,0.22,4.7,-33.5,suitable
2022,beans,29,0,140.3,1,20.8,106.9,0.784,1,114.3,309.5,403.2,0.0,0.979,0.001,0.008,0.012,44.1,17.6,suitable
2022,maize,30,1,178.9,1,38.7,106.3,0.172,1,114.3,309.5,403.2,0.0,0.373,0.001,0.001,0.314,-11.2,-51.1,suitable
2022,beans,30,0,178.9,1,38.7,106.3,0.172,1,114.3,309.5,403.2,0.0,0.955,0.001,0.006,0.024,35.7,9.4,suitable
2022,maize,31,1,207.6,1,28.7,88.2,-1.259,1,114.3,309.5,403.2,0.0,0.125,0.029,0.0,0.446,-40.3,-81.5,suitable
2022,beans,31,0,207.6,1,28.7,88.2,-1.259,1,114.3,309.5,403.2,0.0,0.527,0.029,0.015,0.248,1.6,-27.9,suitable
2022,maize,32,1,269.2,1,61.6,129.0,0.536,1,114.3,309.5,403.2,0.0,0.217,0.002,0.0,0.392,-27.3,-66.7,suitable
2022,beans,32,0,269.2,1,61.6,129.0,0.536,1,114.3,309.5,403.2,0.0,0.273,0.001,0.026,0.369,-12.8,-37.7,suitable
2022,maize,33,1,321.9,1,52.7,143.0,1.581,1,114.3,309.5,403.2,0.0,0.301,0.002,0.0,0.35,-19.8,-62.7,suitable
2022,beans,33,0,321.9,1,52.7,143.0,1.581,1,114.3,309.5,403.2,0.0,0.07,0.001,0.111,0.487,-32.2,-58.4,suitable
2023,maize,25,1,0.0,0,0.7,2.9,-1.395,0,3.4,341.3,480.0,0.0,0.96,0.204,0.0,0.081,55.3,15.5,suitable
2023,beans,25,0,0.0,0,0.7,2.9,-1.395,0,3.4,341.3,480.0,0.0,0.855,0.165,0.074,0.137,27.0,-4.3,suitable
2023,beans,26,0,43.6,1,43.6,46.4,-0.553,1,3.4,341.3,480.0,0.0,0.959,0.103,0.038,0.059,41.6,11.3,suitable
2023,beans,27,0,104.6,1,61.1,105.3,1.374,1,3.4,341.3,480.0,0.0,0.997,0.001,0.02,0.006,60.0,31.4,suitable
2023,beans,28,0,141.7,1,37.1,141.7,3.144,1,3.4,341.3,480.0,0.0,0.998,0.0,0.009,0.003,55.0,28.5,suitable
2023,beans,29,0,165.9,1,24.2,122.3,1.633,1,3.4,341.3,480.0,0.0,0.986,0.001,0.011,0.01,45.3,20.3,suitable
2023,beans,30,0,230.3,1,64.5,125.7,1.202,1,3.4,341.3,480.0,0.0,0.969,0.002,0.012,0.019,35.9,10.3,suitable
