Time, Gridded Maximum Temperature
1-10 Jan 1961,24.69634
11-20 Jan 1961,24.5675
21-31 Jan 1961,22.88312
1-10 Feb 1961,20.11068
11-20 Feb 1961,21.77223
21-28 Feb 1961,21.67263
1-10 Mar 1961,22.62623
11-20 Mar 1961,21.72187
21-31 Mar 1961,21.05122
1-10 Apr 1961,20.71578
11-20 Apr 1961,21.50173
21-30 Apr 1961,21.14124
1-10 May 1961,21.54967
11-20 May 1961,21.97903
21-31 May 1961,22.36549
1-10 Jun 1961,21.9887
11-20 Jun 1961,22.78083
21-30 Jun 1961,21.74277
1-10 Jul 1961,22.19669
11-20 Jul 1961,20.9443
21-31 Jul 1961,20.83973
1-10 Aug 1961,21.05954
11-20 Aug 1961,21.31011
21-31 Aug 1961,21.77651
1-10 Sep 1961,22.39416
11-20 Sep 1961,21.76417
21-30 Sep 1961,21.90502
1-10 Oct 1961,22.17985
11-20 Oct 1961,21.39963
21-31 Oct 1961,20.22428
1-10 Nov 1961,20.37269
11-20 Nov 1961,20.92702
21-30 Nov 1961,21.09299
1-10 Dec 1961,22.10987
11-20 Dec 1961,21.15923
21-31 Dec 1961,22.29828
1-10 Jan 1962,21.33583
11-20 Jan 1962,22.54024
21-31 Jan 1962,22.82951
1-10 Feb 1962,22.22303
11-20 Feb 1962,22.47505
21-28 Feb 1962,21.43111
1-10 Mar 1962,21.58226
11-20 Mar 1962,21.56373
21-31 Mar 1962,21.57136
1-10 Apr 1962,22.3912
11-20 Apr 1962,20.95874
21-30 Apr 1962,21.05622
1-10 May 1962,21.21688
11-20 May 1962,19.97333
21-31 May 1962,21.30794
1-10 Jun 1962,21.75803
11-20 Jun 1962,21.71814
21-30 Jun 1962,21.4121
1-10 Jul 1962,21.64045
11-20 Jul 1962,21.58448
21-31 Jul 1962,22.12083
1-10 Aug 1962,21.83157
11-20 Aug 1962,20.17349
21-31 Aug 1962,20.78141
1-10 Sep 1962,21.82807
11-20 Sep 1962,20.05904
21-30 Sep 1962,21.64364
1-10 Oct 1962,22.37872
11-20 Oct 1962,22.01301
21-31 Oct 1962,21.85354
1-10 Nov 1962,22.2513
11-20 Nov 1962,22.08216
21-30 Nov 1962,21.6502
1-10 Dec 1962,21.88724
11-20 Dec 1962,21.87905
21-31 Dec 1962,22.07121
1-10 Jan 1963,22.21595
11-20 Jan 1963,22.761
21-31 Jan 1963,21.59987
1-10 Feb 1963,21.23182
11-20 Feb 1963,22.24422
21-28 Feb 1963,21.30398
1-10 Mar 1963,21.00175
11-20 Mar 1963,21.57936
21-31 Mar 1963,21.93675
1-10 Apr 1963,21.88938
11-20 Apr 1963,20.65737
21-30 Apr 1963,19.58188
1-10 May 1963,21.03531
11-20 May 1963,21.17618
21-31 May 1963,21.75881
1-10 Jun 1963,20.17053
11-20 Jun 1963,21.40195
21-30 Jun 1963,21.41904
1-10 Jul 1963,21.84723
11-20 Jul 1963,20.82215
21-31 Jul 1963,21.12829
1-10 Aug 1963,21.06868
11-20 Aug 1963,20.51171
21-31 Aug 1963,22.65027
1-10 Sep 1963,24.53034
11-20 Sep 1963,23.49152
21-30 Sep 1963,22.28587
1-10 Oct 1963,23.39515
11-20 Oct 1963,23.49789
21-31 Oct 1963,25.28922
1-10 Nov 1963,21.34026
11-20 Nov 1963,21.85102
21-30 Nov 1963,21.96682
1-10 Dec 1963,21.38671
11-20 Dec 1963,21.68795
21-31 Dec 1963,21.27336
1-10 Jan 1964,22.28894
11-20 Jan 1964,23.99669
21-31 Jan 1964,23.90071
1-10 Feb 1964,22.37168
11-20 Feb 1964,20.87503
21-29 Feb 1964,21.94674
1-10 Mar 1964,22.76101
11-20 Mar 1964,22.2046
21-31 Mar 1964,21.60949
1-10 Apr 1964,21.67233
11-20 Apr 1964,20.27396
21-30 Apr 1964,20.77953
1-10 May 1964,22.65824
11-20 May 1964,20.86086
21-31 May 1964,21.21684
1-10 Jun 1964,21.96405
11-20 Jun 1964,21.9857
21-30 Jun 1964,21.95669
1-10 Jul 1964,21.17293
11-20 Jul 1964,21.22735
21-31 Jul 1964,20.44322
1-10 Aug 1964,19.50049
11-20 Aug 1964,20.92943
21-31 Aug 1964,20.6531
1-10 Sep 1964,21.30236
11-20 Sep 1964,20.48248
21-30 Sep 1964,22.28083
1-10 Oct 1964,22.5878
11-20 Oct 1964,21.24134
21-31 Oct 1964,22.16737
1-10 Nov 1964,22.87861
11-20 Nov 1964,22.13723
21-30 Nov 1964,22.09472
1-10 Dec 1964,21.41486
11-20 Dec 1964,21.49992
21-31 Dec 1964,21.46505
1-10 Jan 1965,23.27722
11-20 Jan 1965,23.36903
21-31 Jan 1965,23.18456
1-10 Feb 1965,21.64978
11-20 Feb 1965,21.70811
21-28 Feb 1965,22.15865
1-10 Mar 1965,21.5134
11-20 Mar 1965,20.97304
21-31 Mar 1965,21.13834
1-10 Apr 1965,21.57502
11-20 Apr 1965,20.37266
21-30 Apr 1965,21.03525
1-10 May 1965,22.02349
11-20 May 1965,21.04281
21-31 May 1965,21.06391
1-10 Jun 1965,21.9549
11-20 Jun 1965,22.47455
21-30 Jun 1965,22.64566
1-10 Jul 1965,22.44959
11-20 Jul 1965,22.06097
21-31 Jul 1965,22.85909
1-10 Aug 1965,21.94095
11-20 Aug 1965,21.85638
21-31 Aug 1965,23.16763
1-10 Sep 1965,23.91841
11-20 Sep 1965,22.13801
21-30 Sep 1965,23.09674
1-10 Oct 1965,22.55514
11-20 Oct 1965,22.57572
21-31 Oct 1965,21.31027
1-10 Nov 1965,21.26025
11-20 Nov 1965,21.62167
21-30 Nov 1965,21.68377
1-10 Dec 1965,22.98818
11-20 Dec 1965,22.99844
21-31 Dec 1965,22.48295
1-10 Jan 1966,24.03478
11-20 Jan 1966,23.03271
21-31 Jan 1966,22.83146
1-10 Feb 1966,21.71037
11-20 Feb 1966,22.27549
21-28 Feb 1966,21.54536
1-10 Mar 1966,21.48642
11-20 Mar 1966,21.24615
21-31 Mar 1966,21.18676
1-10 Apr 1966,21.19091
11-20 Apr 1966,20.89233
21-30 Apr 1966,20.4998
1-10 May 1966,21.80198
11-20 May 1966,21.54823
21-31 May 1966,21.74993
1-10 Jun 1966,21.70856
11-20 Jun 1966,20.40317
21-30 Jun 1966,21.44237
1-10 Jul 1966,22.42636
11-20 Jul 1966,22.22898
21-31 Jul 1966,22.89509
1-10 Aug 1966,23.12038
11-20 Aug 1966,23.24665
21-31 Aug 1966,21.38409
1-10 Sep 1966,21.75679
11-20 Sep 1966,21.80705
21-30 Sep 1966,22.29008
1-10 Oct 1966,22.44103
11-20 Oct 1966,22.16434
21-31 Oct 1966,22.01129
1-10 Nov 1966,21.00789
11-20 Nov 1966,22.80697
21-30 Nov 1966,21.99259
1-10 Dec 1966,21.93833
11-20 Dec 1966,22.68799
21-31 Dec 1966,23.9465
1-10 Jan 1967,24.31873
11-20 Jan 1967,24.1179
21-31 Jan 1967,23.39064
1-10 Feb 1967,21.87281
11-20 Feb 1967,23.25155
21-28 Feb 1967,21.91651
1-10 Mar 1967,22.60068
11-20 Mar 1967,21.80182
21-31 Mar 1967,21.90792
1-10 Apr 1967,22.8453
11-20 Apr 1967,21.87013
21-30 Apr 1967,21.31514
1-10 May 1967,20.95789
11-20 May 1967,20.1067
21-31 May 1967,20.82315
1-10 Jun 1967,21.18578
11-20 Jun 1967,21.00752
21-30 Jun 1967,20.0156
1-10 Jul 1967,21.35432
11-20 Jul 1967,20.84663
21-31 Jul 1967,20.97598
1-10 Aug 1967,22.40435
11-20 Aug 1967,21.76474
21-31 Aug 1967,22.22379
1-10 Sep 1967,23.37108
11-20 Sep 1967,22.52287
21-30 Sep 1967,21.18382
1-10 Oct 1967,21.70353
11-20 Oct 1967,21.95842
21-31 Oct 1967,21.25674
1-10 Nov 1967,21.90265
11-20 Nov 1967,21.42106
21-30 Nov 1967,21.18624
1-10 Dec 1967,22.3502
11-20 Dec 1967,23.44945
21-31 Dec 1967,23.26556
1-10 Jan 1968,23.821
11-20 Jan 1968,23.81595
21-31 Jan 1968,24.2755
1-10 Feb 1968,22.66872
11-20 Feb 1968,21.88288
21-29 Feb 1968,21.05865
1-10 Mar 1968,20.52601
11-20 Mar 1968,20.70765
21-31 Mar 1968,21.81989
1-10 Apr 1968,21.66198
11-20 Apr 1968,21.00925
21-30 Apr 1968,19.46334
1-10 May 1968,20.57563
11-20 May 1968,20.87741
21-31 May 1968,20.34036
1-10 Jun 1968,21.14968
11-20 Jun 1968,20.89167
21-30 Jun 1968,20.6208
1-10 Jul 1968,20.66747
11-20 Jul 1968,20.66986
21-31 Jul 1968,21.431
1-10 Aug 1968,21.88064
11-20 Aug 1968,21.5151
21-31 Aug 1968,23.17989
1-10 Sep 1968,23.45477
11-20 Sep 1968,21.6181
21-30 Sep 1968,23.57002
1-10 Oct 1968,23.04823
11-20 Oct 1968,23.66969
21-31 Oct 1968,21.8674
1-10 Nov 1968,21.29924
11-20 Nov 1968,21.93365
21-30 Nov 1968,20.38377
1-10 Dec 1968,20.6084
11-20 Dec 1968,22.42574
21-31 Dec 1968,23.27141
1-10 Jan 1969,23.78243
11-20 Jan 1969,23.26715
21-31 Jan 1969,22.21136
1-10 Feb 1969,22.42182
11-20 Feb 1969,21.7026
21-28 Feb 1969,20.47651
1-10 Mar 1969,22.28983
11-20 Mar 1969,21.4254
21-31 Mar 1969,21.70136
1-10 Apr 1969,22.94472
11-20 Apr 1969,21.92241
21-30 Apr 1969,21.25068
1-10 May 1969,21.97703
11-20 May 1969,20.44217
21-31 May 1969,21.39032
1-10 Jun 1969,21.3675
11-20 Jun 1969,22.25908
21-30 Jun 1969,21.37777
1-10 Jul 1969,22.26824
11-20 Jul 1969,21.87577
21-31 Jul 1969,21.70332
1-10 Aug 1969,22.1896
11-20 Aug 1969,22.6207
21-31 Aug 1969,22.84397
1-10 Sep 1969,22.15473
11-20 Sep 1969,22.20596
21-30 Sep 1969,23.36001
1-10 Oct 1969,22.86571
11-20 Oct 1969,23.7805
21-31 Oct 1969,22.72306
1-10 Nov 1969,22.96378
11-20 Nov 1969,21.50818
21-30 Nov 1969,21.50892
1-10 Dec 1969,21.82513
11-20 Dec 1969,23.84865
21-31 Dec 1969,23.17262
1-10 Jan 1970,23.84109
11-20 Jan 1970,22.64677
21-31 Jan 1970,22.85101
1-10 Feb 1970,22.73566
11-20 Feb 1970,22.15669
21-28 Feb 1970,22.25512
1-10 Mar 1970,21.76749
11-20 Mar 1970,21.83649
21-31 Mar 1970,21.94483
1-10 Apr 1970,22.11933
11-20 Apr 1970,21.28227
21-30 Apr 1970,20.7401
1-10 May 1970,21.24571
11-20 May 1970,20.55812
21-31 May 1970,20.71041
1-10 Jun 1970,21.32453
11-20 Jun 1970,21.64816
21-30 Jun 1970,21.75493
1-10 Jul 1970,20.81486
11-20 Jul 1970,20.98755
21-31 Jul 1970,21.29841
1-10 Aug 1970,20.79495
11-20 Aug 1970,20.24737
21-31 Aug 1970,19.33532
1-10 Sep 1970,22.03911
11-20 Sep 1970,20.7748
21-30 Sep 1970,22.98865
1-10 Oct 1970,23.74785
11-20 Oct 1970,22.70123
21-31 Oct 1970,23.35662
1-10 Nov 1970,22.92621
11-20 Nov 1970,23.25016
21-30 Nov 1970,23.01187
1-10 Dec 1970,22.64286
11-20 Dec 1970,22.20161
21-31 Dec 1970,21.919
1-10 Jan 1971,23.66233
11-20 Jan 1971,23.28824
21-31 Jan 1971,23.60464
1-10 Feb 1971,21.25038
11-20 Feb 1971,22.91388
21-28 Feb 1971,21.45279
1-10 Mar 1971,23.03491
11-20 Mar 1971,21.8402
21-31 Mar 1971,19.75921
1-10 Apr 1971,19.86577
11-20 Apr 1971,20.63137
21-30 Apr 1971,20.13532
1-10 May 1971,20.6048
11-20 May 1971,20.6828
21-31 May 1971,20.57629
1-10 Jun 1971,20.96207
11-20 Jun 1971,21.28358
21-30 Jun 1971,21.39059
1-10 Jul 1971,21.43903
11-20 Jul 1971,18.97242
21-31 Jul 1971,20.65703
1-10 Aug 1971,21.24269
11-20 Aug 1971,20.59001
21-31 Aug 1971,19.11195
1-10 Sep 1971,22.03887
11-20 Sep 1971,21.43266
21-30 Sep 1971,22.1561
1-10 Oct 1971,21.70535
11-20 Oct 1971,22.32096
21-31 Oct 1971,22.60236
1-10 Nov 1971,22.81699
11-20 Nov 1971,21.53058
21-30 Nov 1971,21.24519
1-10 Dec 1971,22.08201
11-20 Dec 1971,23.38615
21-31 Dec 1971,21.86899
1-10 Jan 1972,21.23631
11-20 Jan 1972,22.71642
21-31 Jan 1972,22.78736
1-10 Feb 1972,21.20571
11-20 Feb 1972,20.86649
21-29 Feb 1972,21.85419
1-10 Mar 1972,21.66562
11-20 Mar 1972,21.46285
21-31 Mar 1972,21.6019
1-10 Apr 1972,22.24542
11-20 Apr 1972,20.38762
21-30 Apr 1972,19.95629
1-10 May 1972,21.11215
11-20 May 1972,19.8746
21-31 May 1972,20.40796
1-10 Jun 1972,20.63564
11-20 Jun 1972,21.02762
21-30 Jun 1972,19.70053
1-10 Jul 1972,21.09354
11-20 Jul 1972,20.45716
21-31 Jul 1972,21.44405
1-10 Aug 1972,21.57514
11-20 Aug 1972,21.56441
21-31 Aug 1972,20.86307
1-10 Sep 1972,21.47352
11-20 Sep 1972,22.77379
21-30 Sep 1972,22.65526
1-10 Oct 1972,23.28127
11-20 Oct 1972,23.30081
21-31 Oct 1972,23.03738
1-10 Nov 1972,21.85304
11-20 Nov 1972,21.9156
21-30 Nov 1972,21.75486
1-10 Dec 1972,22.12259
11-20 Dec 1972,22.36974
21-31 Dec 1972,22.76847
1-10 Jan 1973,23.03996
11-20 Jan 1973,23.34862
21-31 Jan 1973,24.60554
1-10 Feb 1973,23.24261
11-20 Feb 1973,22.39899
21-28 Feb 1973,22.44665
1-10 Mar 1973,22.97336
11-20 Mar 1973,21.20732
21-31 Mar 1973,22.13783
1-10 Apr 1973,21.35742
11-20 Apr 1973,19.99566
21-30 Apr 1973,20.36946
1-10 May 1973,20.95923
11-20 May 1973,20.33953
21-31 May 1973,20.59524
1-10 Jun 1973,21.15435
11-20 Jun 1973,21.92122
21-30 Jun 1973,21.47378
1-10 Jul 1973,22.22957
11-20 Jul 1973,22.0365
21-31 Jul 1973,21.7274
1-10 Aug 1973,20.07013
11-20 Aug 1973,21.08813
21-31 Aug 1973,22.77942
1-10 Sep 1973,22.67204
11-20 Sep 1973,22.30047
21-30 Sep 1973,22.62443
1-10 Oct 1973,23.44566
11-20 Oct 1973,22.56872
21-31 Oct 1973,22.99513
1-10 Nov 1973,23.31457
11-20 Nov 1973,22.22497
21-30 Nov 1973,21.35506
1-10 Dec 1973,22.97647
11-20 Dec 1973,23.46552
21-31 Dec 1973,23.54017
1-10 Jan 1974,23.31241
11-20 Jan 1974,24.42903
21-31 Jan 1974,22.94751
1-10 Feb 1974,22.62058
11-20 Feb 1974,22.46368
21-28 Feb 1974,23.67026
1-10 Mar 1974,22.5355
11-20 Mar 1974,23.3002
21-31 Mar 1974,21.63757
1-10 Apr 1974,21.47443
11-20 Apr 1974,22.02414
21-30 Apr 1974,22.46285
1-10 May 1974,21.9453
11-20 May 1974,21.58768
21-31 May 1974,21.04754
1-10 Jun 1974,21.58661
11-20 Jun 1974,21.27802
21-30 Jun 1974,21.13215
1-10 Jul 1974,19.96957
11-20 Jul 1974,19.688
21-31 Jul 1974,21.31215
1-10 Aug 1974,21.79598
11-20 Aug 1974,22.40899
21-31 Aug 1974,21.25296
1-10 Sep 1974,22.21949
11-20 Sep 1974,21.30954
21-30 Sep 1974,23.30205
1-10 Oct 1974,22.51624
11-20 Oct 1974,23.93295
21-31 Oct 1974,23.67132
1-10 Nov 1974,22.52616
11-20 Nov 1974,22.16776
21-30 Nov 1974,22.59262
1-10 Dec 1974,22.50034
11-20 Dec 1974,21.52651
21-31 Dec 1974,22.25414
1-10 Jan 1975,22.70862
11-20 Jan 1975,23.64652
21-31 Jan 1975,23.54495
1-10 Feb 1975,22.65107
11-20 Feb 1975,22.34485
21-28 Feb 1975,21.69776
1-10 Mar 1975,21.36574
11-20 Mar 1975,20.90757
21-31 Mar 1975,21.73716
1-10 Apr 1975,21.67057
11-20 Apr 1975,20.666
21-30 Apr 1975,22.20765
1-10 May 1975,23.05456
11-20 May 1975,20.06685
21-31 May 1975,20.92572
1-10 Jun 1975,21.33003
11-20 Jun 1975,21.30903
21-30 Jun 1975,21.57822
1-10 Jul 1975,21.94917
11-20 Jul 1975,20.74423
21-31 Jul 1975,20.55807
1-10 Aug 1975,20.38436
11-20 Aug 1975,20.74719
21-31 Aug 1975,20.21485
1-10 Sep 1975,22.00643
11-20 Sep 1975,20.97019
21-30 Sep 1975,21.05547
1-10 Oct 1975,21.99852
11-20 Oct 1975,22.11425
21-31 Oct 1975,21.8168
1-10 Nov 1975,23.00507
11-20 Nov 1975,22.19819
21-30 Nov 1975,21.23904
1-10 Dec 1975,21.35772
11-20 Dec 1975,23.22963
21-31 Dec 1975,22.15166
1-10 Jan 1976,21.14676
11-20 Jan 1976,22.55192
21-31 Jan 1976,23.48667
1-10 Feb 1976,20.03512
11-20 Feb 1976,19.49496
21-29 Feb 1976,19.94283
1-10 Mar 1976,21.37896
11-20 Mar 1976,21.70284
21-31 Mar 1976,21.16113
1-10 Apr 1976,21.79406
11-20 Apr 1976,21.42231
21-30 Apr 1976,20.33864
1-10 May 1976,21.6833
11-20 May 1976,20.13897
21-31 May 1976,19.67719
1-10 Jun 1976,21.86421
11-20 Jun 1976,21.47419
21-30 Jun 1976,21.61468
1-10 Jul 1976,20.26888
11-20 Jul 1976,20.30781
21-31 Jul 1976,21.61476
1-10 Aug 1976,21.36992
11-20 Aug 1976,19.70907
21-31 Aug 1976,21.32976
1-10 Sep 1976,21.99878
11-20 Sep 1976,22.95603
21-30 Sep 1976,23.21144
1-10 Oct 1976,23.59055
11-20 Oct 1976,23.47456
21-31 Oct 1976,23.72655
1-10 Nov 1976,22.58235
11-20 Nov 1976,23.3111
21-30 Nov 1976,22.73385
1-10 Dec 1976,23.06285
11-20 Dec 1976,22.54057
21-31 Dec 1976,23.08165
1-10 Jan 1977,22.11391
11-20 Jan 1977,23.19629
21-31 Jan 1977,23.00124
1-10 Feb 1977,21.18757
11-20 Feb 1977,22.31155
21-28 Feb 1977,21.43784
1-10 Mar 1977,22.4598
11-20 Mar 1977,21.8754
21-31 Mar 1977,21.41701
1-10 Apr 1977,20.95949
11-20 Apr 1977,20.83091
21-30 Apr 1977,21.40916
1-10 May 1977,20.44112
11-20 May 1977,21.41352
21-31 May 1977,21.28612
1-10 Jun 1977,21.27064
11-20 Jun 1977,21.1707
21-30 Jun 1977,22.08545
1-10 Jul 1977,21.5669
11-20 Jul 1977,20.98172
21-31 Jul 1977,22.07659
1-10 Aug 1977,19.68304
11-20 Aug 1977,21.50587
21-31 Aug 1977,20.83874
1-10 Sep 1977,23.01867
11-20 Sep 1977,21.82932
21-30 Sep 1977,22.80836
1-10 Oct 1977,23.89031
11-20 Oct 1977,22.83945
21-31 Oct 1977,23.20506
1-10 Nov 1977,21.68538
11-20 Nov 1977,22.3165
21-30 Nov 1977,22.1993
1-10 Dec 1977,22.35252
11-20 Dec 1977,22.36826
21-31 Dec 1977,22.6577
1-10 Jan 1978,23.7592
11-20 Jan 1978,22.74409
21-31 Jan 1978,23.89619
1-10 Feb 1978,23.92326
11-20 Feb 1978,22.60575
21-28 Feb 1978,21.34802
1-10 Mar 1978,21.38409
11-20 Mar 1978,21.39758
21-31 Mar 1978,22.12336
1-10 Apr 1978,22.54971
11-20 Apr 1978,22.23805
21-30 Apr 1978,20.28381
1-10 May 1978,20.63526
11-20 May 1978,20.94296
21-31 May 1978,22.08148
1-10 Jun 1978,22.21564
11-20 Jun 1978,21.78709
21-30 Jun 1978,21.1576
1-10 Jul 1978,21.35444
11-20 Jul 1978,21.84205
21-31 Jul 1978,22.53093
1-10 Aug 1978,21.29312
11-20 Aug 1978,22.69022
21-31 Aug 1978,23.07888
1-10 Sep 1978,23.64535
11-20 Sep 1978,22.86102
21-30 Sep 1978,22.60543
1-10 Oct 1978,22.33511
11-20 Oct 1978,22.69034
21-31 Oct 1978,22.35288
1-10 Nov 1978,22.32392
11-20 Nov 1978,21.47049
21-30 Nov 1978,21.58123
1-10 Dec 1978,21.90235
11-20 Dec 1978,22.83097
21-31 Dec 1978,22.80873
1-10 Jan 1979,23.10476
11-20 Jan 1979,23.65884
21-31 Jan 1979,21.51974
1-10 Feb 1979,21.64251
11-20 Feb 1979,22.37465
21-28 Feb 1979,21.61294
1-10 Mar 1979,23.61424
11-20 Mar 1979,21.49175
21-31 Mar 1979,22.64544
1-10 Apr 1979,21.58114
11-20 Apr 1979,21.11718
21-30 Apr 1979,21.46354
1-10 May 1979,21.19261
11-20 May 1979,20.83847
21-31 May 1979,20.34889
1-10 Jun 1979,20.51289
11-20 Jun 1979,20.24453
21-30 Jun 1979,21.78823
1-10 Jul 1979,20.80951
11-20 Jul 1979,21.74558
21-31 Jul 1979,22.6138
1-10 Aug 1979,22.65403
11-20 Aug 1979,22.40817
21-31 Aug 1979,23.22847
1-10 Sep 1979,24.31729
11-20 Sep 1979,24.04179
21-30 Sep 1979,24.48913
1-10 Oct 1979,24.50518
11-20 Oct 1979,24.53391
21-31 Oct 1979,23.0988
1-10 Nov 1979,22.51272
11-20 Nov 1979,22.697
21-30 Nov 1979,24.00711
1-10 Dec 1979,22.51489
11-20 Dec 1979,22.75527
21-31 Dec 1979,22.2483
1-10 Jan 1980,23.04844
11-20 Jan 1980,23.83027
21-31 Jan 1980,24.40756
1-10 Feb 1980,22.20376
11-20 Feb 1980,21.83032
21-29 Feb 1980,23.52337
1-10 Mar 1980,21.47454
11-20 Mar 1980,23.02314
21-31 Mar 1980,22.34929
1-10 Apr 1980,22.56012
11-20 Apr 1980,21.37868
21-30 Apr 1980,21.19761
1-10 May 1980,22.58951
11-20 May 1980,20.4922
21-31 May 1980,21.09151
1-10 Jun 1980,21.75447
11-20 Jun 1980,22.95971
21-30 Jun 1980,22.80017
1-10 Jul 1980,22.38377
11-20 Jul 1980,22.27824
21-31 Jul 1980,23.01249
1-10 Aug 1980,22.46
11-20 Aug 1980,23.44436
21-31 Aug 1980,23.01361
1-10 Sep 1980,25.0052
11-20 Sep 1980,23.5057
21-30 Sep 1980,23.14469
1-10 Oct 1980,24.47766
11-20 Oct 1980,22.97333
21-31 Oct 1980,22.51812
1-10 Nov 1980,20.86641
11-20 Nov 1980,22.18209
21-30 Nov 1980,22.36489
1-10 Dec 1980,23.04173
11-20 Dec 1980,22.20191
21-31 Dec 1980,23.31793
1-10 Jan 1981,22.86169
11-20 Jan 1981,24.54681
21-31 Jan 1981,23.70454
1-10 Feb 1981,23.47768
11-20 Feb 1981,22.84312
21-28 Feb 1981,23.68134
1-10 Mar 1981,23.24372
11-20 Mar 1981,20.63271
21-31 Mar 1981,21.23574
1-10 Apr 1981,22.48326
11-20 Apr 1981,21.31991
21-30 Apr 1981,21.95961
1-10 May 1981,22.58346
11-20 May 1981,20.55553
21-31 May 1981,21.66303
1-10 Jun 1981,22.11646
11-20 Jun 1981,22.39901
21-30 Jun 1981,23.54177
1-10 Jul 1981,23.23157
11-20 Jul 1981,22.18495
21-31 Jul 1981,22.84291
1-10 Aug 1981,23.3099
11-20 Aug 1981,21.91921
21-31 Aug 1981,22.40991
1-10 Sep 1981,21.34065
11-20 Sep 1981,22.24976
21-30 Sep 1981,23.57393
1-10 Oct 1981,23.00418
11-20 Oct 1981,23.30482
21-31 Oct 1981,23.04557
1-10 Nov 1981,22.95869
11-20 Nov 1981,23.42253
21-30 Nov 1981,22.9703
1-10 Dec 1981,22.48043
11-20 Dec 1981,22.96078
21-31 Dec 1981,23.87183
1-10 Jan 1982,23.3934
11-20 Jan 1982,23.6793
21-31 Jan 1982,24.64416
1-10 Feb 1982,24.18019
11-20 Feb 1982,22.46331
21-28 Feb 1982,23.89309
1-10 Mar 1982,22.02828
11-20 Mar 1982,22.58408
21-31 Mar 1982,23.23701
1-10 Apr 1982,21.9429
11-20 Apr 1982,22.46194
21-30 Apr 1982,21.30602
1-10 May 1982,21.63298
11-20 May 1982,20.23571
21-31 May 1982,21.04858
1-10 Jun 1982,21.7219
11-20 Jun 1982,22.82466
21-30 Jun 1982,22.18385
1-10 Jul 1982,22.9757
11-20 Jul 1982,22.68066
21-31 Jul 1982,23.03209
1-10 Aug 1982,22.20533
11-20 Aug 1982,23.3622
21-31 Aug 1982,24.33183
1-10 Sep 1982,25.18354
11-20 Sep 1982,23.51526
21-30 Sep 1982,21.90176
1-10 Oct 1982,22.33556
11-20 Oct 1982,21.67322
21-31 Oct 1982,22.75999
1-10 Nov 1982,22.45773
11-20 Nov 1982,22.08519
21-30 Nov 1982,22.51161
1-10 Dec 1982,21.93628
11-20 Dec 1982,22.77886
21-31 Dec 1982,24.67109
1-10 Jan 1983,23.09821
11-20 Jan 1983,25.02419
21-31 Jan 1983,24.45315
1-10 Feb 1983,24.0203
11-20 Feb 1983,24.28814
21-28 Feb 1983,24.40763
1-10 Mar 1983,22.48401
11-20 Mar 1983,23.15968
21-31 Mar 1983,23.2984
1-10 Apr 1983,22.31839
11-20 Apr 1983,21.66154
21-30 Apr 1983,20.83701
1-10 May 1983,21.63093
11-20 May 1983,21.83609
21-31 May 1983,22.30205
1-10 Jun 1983,22.60619
11-20 Jun 1983,23.78442
21-30 Jun 1983,21.90654
1-10 Jul 1983,23.36187
11-20 Jul 1983,23.09443
21-31 Jul 1983,23.1405
1-10 Aug 1983,22.60878
11-20 Aug 1983,22.03925
21-31 Aug 1983,21.29858
1-10 Sep 1983,23.05939
11-20 Sep 1983,23.34395
21-30 Sep 1983,22.68365
1-10 Oct 1983,21.43711
11-20 Oct 1983,22.28888
21-31 Oct 1983,22.78124
1-10 Nov 1983,23.1463
11-20 Nov 1983,23.11222
21-30 Nov 1983,22.54829
1-10 Dec 1983,21.97512
11-20 Dec 1983,22.3048
21-31 Dec 1983,22.52059
1-10 Jan 1984,22.63618
11-20 Jan 1984,23.26517
21-31 Jan 1984,23.66603
1-10 Feb 1984,22.3715
11-20 Feb 1984,22.97805
21-29 Feb 1984,21.71279
1-10 Mar 1984,22.09014
11-20 Mar 1984,21.51949
21-31 Mar 1984,21.87318
1-10 Apr 1984,20.71281
11-20 Apr 1984,22.00989
21-30 Apr 1984,21.05166
1-10 May 1984,22.75234
11-20 May 1984,21.61425
21-31 May 1984,22.51916
1-10 Jun 1984,22.36472
11-20 Jun 1984,23.02019
21-30 Jun 1984,22.95085
1-10 Jul 1984,22.46901
11-20 Jul 1984,21.64016
21-31 Jul 1984,22.10262
1-10 Aug 1984,22.76044
11-20 Aug 1984,22.5616
21-31 Aug 1984,22.82035
1-10 Sep 1984,23.75236
11-20 Sep 1984,23.40372
21-30 Sep 1984,24.00455
1-10 Oct 1984,22.9116
11-20 Oct 1984,23.68692
21-31 Oct 1984,23.02171
1-10 Nov 1984,21.27763
11-20 Nov 1984,21.31818
21-30 Nov 1984,21.87111
1-10 Dec 1984,22.75282
11-20 Dec 1984,23.48475
21-31 Dec 1984,22.81618
1-10 Jan 1985,22.63533
11-20 Jan 1985,24.6293
21-31 Jan 1985,22.56997
1-10 Feb 1985,21.45267
11-20 Feb 1985,23.96554
21-28 Feb 1985,21.92802
1-10 Mar 1985,22.13325
11-20 Mar 1985,24.21163
21-31 Mar 1985,21.25283
1-10 Apr 1985,21.81863
11-20 Apr 1985,20.54459
21-30 Apr 1985,21.49016
1-10 May 1985,21.50411
11-20 May 1985,20.74516
21-31 May 1985,22.09845
1-10 Jun 1985,22.99197
11-20 Jun 1985,22.51606
21-30 Jun 1985,22.13696
1-10 Jul 1985,22.39487
11-20 Jul 1985,22.2243
21-31 Jul 1985,23.0663
1-10 Aug 1985,23.11028
11-20 Aug 1985,22.95723
21-31 Aug 1985,22.59766
1-10 Sep 1985,22.54127
11-20 Sep 1985,23.13385
21-30 Sep 1985,22.43852
1-10 Oct 1985,23.5411
11-20 Oct 1985,22.43299
21-31 Oct 1985,22.19562
1-10 Nov 1985,21.98629
11-20 Nov 1985,22.90403
21-30 Nov 1985,22.10879
1-10 Dec 1985,22.41323
11-20 Dec 1985,23.77195
21-31 Dec 1985,23.23014
1-10 Jan 1986,24.10169
11-20 Jan 1986,24.58685
21-31 Jan 1986,24.0964
1-10 Feb 1986,22.5395
11-20 Feb 1986,21.90843
21-28 Feb 1986,23.22783
1-10 Mar 1986,21.01459
11-20 Mar 1986,21.17481
21-31 Mar 1986,22.31715
1-10 Apr 1986,20.48515
11-20 Apr 1986,21.05327
21-30 Apr 1986,19.87903
1-10 May 1986,22.75678
11-20 May 1986,21.02567
21-31 May 1986,20.36291
1-10 Jun 1986,21.36837
11-20 Jun 1986,22.69116
21-30 Jun 1986,23.18282
1-10 Jul 1986,23.15695
11-20 Jul 1986,23.00105
21-31 Jul 1986,22.4265
1-10 Aug 1986,23.09708
11-20 Aug 1986,24.21504
21-31 Aug 1986,24.57606
1-10 Sep 1986,23.33194
11-20 Sep 1986,23.74912
21-30 Sep 1986,24.7006
1-10 Oct 1986,24.83937
11-20 Oct 1986,23.82963
21-31 Oct 1986,23.30794
1-10 Nov 1986,22.2199
11-20 Nov 1986,21.66051
21-30 Nov 1986,21.8995
1-10 Dec 1986,21.55074
11-20 Dec 1986,20.92877
21-31 Dec 1986,23.37625
1-10 Jan 1987,22.65794
11-20 Jan 1987,23.82089
21-31 Jan 1987,23.46018
1-10 Feb 1987,23.49106
11-20 Feb 1987,22.45184
21-28 Feb 1987,23.10643
1-10 Mar 1987,23.42103
11-20 Mar 1987,22.28044
21-31 Mar 1987,23.17533
1-10 Apr 1987,22.03597
11-20 Apr 1987,22.00329
21-30 Apr 1987,21.40356
1-10 May 1987,21.8309
11-20 May 1987,21.55338
21-31 May 1987,21.60588
1-10 Jun 1987,21.50996
11-20 Jun 1987,22.65918
21-30 Jun 1987,22.73919
1-10 Jul 1987,23.94406
11-20 Jul 1987,23.70283
21-31 Jul 1987,24.17358
1-10 Aug 1987,24.32812
11-20 Aug 1987,23.3902
21-31 Aug 1987,23.28316
1-10 Sep 1987,25.14717
11-20 Sep 1987,23.51778
21-30 Sep 1987,24.03791
1-10 Oct 1987,24.16327
11-20 Oct 1987,24.55122
21-31 Oct 1987,24.20088
1-10 Nov 1987,23.8744
11-20 Nov 1987,22.65263
21-30 Nov 1987,23.79078
1-10 Dec 1987,23.6357
11-20 Dec 1987,24.16328
21-31 Dec 1987,25.69434
1-10 Jan 1988,23.2273
11-20 Jan 1988,22.64696
21-31 Jan 1988,23.28794
1-10 Feb 1988,23.10685
11-20 Feb 1988,22.29224
21-29 Feb 1988,24.14206
1-10 Mar 1988,23.16443
11-20 Mar 1988,23.07862
21-31 Mar 1988,22.31538
1-10 Apr 1988,24.5693
11-20 Apr 1988,22.89349
21-30 Apr 1988,21.69685
1-10 May 1988,22.66399
11-20 May 1988,21.88715
21-31 May 1988,22.67811
1-10 Jun 1988,22.97052
11-20 Jun 1988,22.33657
21-30 Jun 1988,22.70663
1-10 Jul 1988,23.28534
11-20 Jul 1988,21.6568
21-31 Jul 1988,22.43072
1-10 Aug 1988,21.69836
11-20 Aug 1988,22.14969
21-31 Aug 1988,21.54096
1-10 Sep 1988,23.35303
11-20 Sep 1988,22.60348
21-30 Sep 1988,22.55108
1-10 Oct 1988,23.24867
11-20 Oct 1988,23.72379
21-31 Oct 1988,22.86263
1-10 Nov 1988,24.09956
11-20 Nov 1988,24.12926
21-30 Nov 1988,24.07878
1-10 Dec 1988,24.43652
11-20 Dec 1988,24.07816
21-31 Dec 1988,22.35497
1-10 Jan 1989,23.5771
11-20 Jan 1989,25.87853
21-31 Jan 1989,26.04772
1-10 Feb 1989,22.00874
11-20 Feb 1989,23.19356
21-28 Feb 1989,23.93749
1-10 Mar 1989,23.19116
11-20 Mar 1989,22.58305
21-31 Mar 1989,22.2398
1-10 Apr 1989,21.53381
11-20 Apr 1989,21.92657
21-30 Apr 1989,22.3181
1-10 May 1989,22.23305
11-20 May 1989,20.85764
21-31 May 1989,21.38873
1-10 Jun 1989,22.4245
11-20 Jun 1989,21.55598
21-30 Jun 1989,21.94124
1-10 Jul 1989,22.36166
11-20 Jul 1989,21.72471
21-31 Jul 1989,22.09644
1-10 Aug 1989,22.47593
11-20 Aug 1989,21.48425
21-31 Aug 1989,22.86174
1-10 Sep 1989,22.3789
11-20 Sep 1989,23.37683
21-30 Sep 1989,23.34123
1-10 Oct 1989,22.96
11-20 Oct 1989,22.81424
21-31 Oct 1989,24.07069
1-10 Nov 1989,23.79874
11-20 Nov 1989,23.49484
21-30 Nov 1989,23.89834
1-10 Dec 1989,22.63228
11-20 Dec 1989,23.15401
21-31 Dec 1989,24.76902
1-10 Jan 1990,22.73099
11-20 Jan 1990,25.10197
21-31 Jan 1990,23.94734
1-10 Feb 1990,22.69423
11-20 Feb 1990,22.70587
21-28 Feb 1990,20.92687
1-10 Mar 1990,21.98506
11-20 Mar 1990,22.24351
21-31 Mar 1990,24.14655
1-10 Apr 1990,23.54933
11-20 Apr 1990,23.01638
21-30 Apr 1990,23.47388
1-10 May 1990,23.86004
11-20 May 1990,22.31798
21-31 May 1990,22.43494
1-10 Jun 1990,22.64436
11-20 Jun 1990,23.14997
21-30 Jun 1990,23.52782
1-10 Jul 1990,24.09543
11-20 Jul 1990,23.72008
21-31 Jul 1990,22.39557
1-10 Aug 1990,22.76913
11-20 Aug 1990,22.91986
21-31 Aug 1990,22.92013
1-10 Sep 1990,23.94053
11-20 Sep 1990,23.58098
21-30 Sep 1990,23.42008
1-10 Oct 1990,23.70205
11-20 Oct 1990,23.58295
21-31 Oct 1990,23.16073
1-10 Nov 1990,22.49238
11-20 Nov 1990,22.95428
21-30 Nov 1990,24.03508
1-10 Dec 1990,21.6661
11-20 Dec 1990,21.3526
21-31 Dec 1990,24.19573
1-10 Jan 1991,22.4055
11-20 Jan 1991,24.54935
21-31 Jan 1991,23.97371
1-10 Feb 1991,23.06598
11-20 Feb 1991,23.28599
21-28 Feb 1991,23.46052
1-10 Mar 1991,23.46951
11-20 Mar 1991,23.97747
21-31 Mar 1991,23.53983
1-10 Apr 1991,22.34985
11-20 Apr 1991,21.7021
21-30 Apr 1991,23.14501
1-10 May 1991,22.71116
11-20 May 1991,21.43625
21-31 May 1991,21.21343
1-10 Jun 1991,23.02811
11-20 Jun 1991,22.37697
21-30 Jun 1991,23.20416
1-10 Jul 1991,22.05433
11-20 Jul 1991,21.71973
21-31 Jul 1991,22.14701
1-10 Aug 1991,22.6829
11-20 Aug 1991,22.85736
21-31 Aug 1991,24.17826
1-10 Sep 1991,24.21382
11-20 Sep 1991,24.34379
21-30 Sep 1991,24.66608
1-10 Oct 1991,25.24821
11-20 Oct 1991,21.66193
21-31 Oct 1991,22.52225
1-10 Nov 1991,23.08909
11-20 Nov 1991,23.15998
21-30 Nov 1991,22.8475
1-10 Dec 1991,23.38438
11-20 Dec 1991,24.30884
21-31 Dec 1991,23.02413
1-10 Jan 1992,22.92224
11-20 Jan 1992,24.39616
21-31 Jan 1992,24.83045
1-10 Feb 1992,23.39499
11-20 Feb 1992,24.57348
21-29 Feb 1992,24.25142
1-10 Mar 1992,24.90815
11-20 Mar 1992,24.55889
21-31 Mar 1992,22.50303
1-10 Apr 1992,22.7107
11-20 Apr 1992,23.53698
21-30 Apr 1992,22.50988
1-10 May 1992,23.3115
11-20 May 1992,21.77313
21-31 May 1992,22.00106
1-10 Jun 1992,22.10723
11-20 Jun 1992,21.7905
21-30 Jun 1992,21.86071
1-10 Jul 1992,21.92213
11-20 Jul 1992,21.48343
21-31 Jul 1992,22.38616
1-10 Aug 1992,22.26583
11-20 Aug 1992,23.14097
21-31 Aug 1992,23.31053
1-10 Sep 1992,23.02975
11-20 Sep 1992,21.88654
21-30 Sep 1992,23.52977
1-10 Oct 1992,22.68719
11-20 Oct 1992,23.23515
21-31 Oct 1992,22.87988
1-10 Nov 1992,21.98462
11-20 Nov 1992,22.42285
21-30 Nov 1992,22.13422
1-10 Dec 1992,21.47856
11-20 Dec 1992,21.81345
21-31 Dec 1992,23.04303
1-10 Jan 1993,23.49706
11-20 Jan 1993,22.86983
21-31 Jan 1993,22.76007
1-10 Feb 1993,22.44323
11-20 Feb 1993,22.35017
21-28 Feb 1993,23.48446
1-10 Mar 1993,23.12233
11-20 Mar 1993,22.49992
21-31 Mar 1993,21.40146
1-10 Apr 1993,23.17954
11-20 Apr 1993,22.11864
21-30 Apr 1993,22.32465
1-10 May 1993,23.58266
11-20 May 1993,21.8686
21-31 May 1993,22.33105
1-10 Jun 1993,21.76549
11-20 Jun 1993,21.84044
21-30 Jun 1993,22.23883
1-10 Jul 1993,22.78311
11-20 Jul 1993,22.36173
21-31 Jul 1993,23.03394
1-10 Aug 1993,22.48081
11-20 Aug 1993,22.75125
21-31 Aug 1993,22.43261
1-10 Sep 1993,23.89676
11-20 Sep 1993,24.34227
21-30 Sep 1993,24.87732
1-10 Oct 1993,23.94329
11-20 Oct 1993,25.08644
21-31 Oct 1993,23.56173
1-10 Nov 1993,23.12448
11-20 Nov 1993,23.28484
21-30 Nov 1993,21.69707
1-10 Dec 1993,22.1729
11-20 Dec 1993,23.08634
21-31 Dec 1993,23.19317
1-10 Jan 1994,24.99655
11-20 Jan 1994,24.87781
21-31 Jan 1994,24.84322
1-10 Feb 1994,24.10921
11-20 Feb 1994,24.24457
21-28 Feb 1994,22.123
1-10 Mar 1994,22.07537
11-20 Mar 1994,21.56012
21-31 Mar 1994,22.115
1-10 Apr 1994,22.76731
11-20 Apr 1994,22.01843
21-30 Apr 1994,21.32602
1-10 May 1994,22.46574
11-20 May 1994,22.0787
21-31 May 1994,22.78833
1-10 Jun 1994,23.42037
11-20 Jun 1994,23.89694
21-30 Jun 1994,23.6388
1-10 Jul 1994,21.87593
11-20 Jul 1994,22.01222
21-31 Jul 1994,23.33463
1-10 Aug 1994,23.60676
11-20 Aug 1994,22.1762
21-31 Aug 1994,22.55546
1-10 Sep 1994,23.5962
11-20 Sep 1994,24.32176
21-30 Sep 1994,23.85454
1-10 Oct 1994,22.44518
11-20 Oct 1994,22.04315
21-31 Oct 1994,22.17546
1-10 Nov 1994,21.77787
11-20 Nov 1994,21.86111
21-30 Nov 1994,23.025
1-10 Dec 1994,21.7212
11-20 Dec 1994,22.84241
21-31 Dec 1994,24.16037
1-10 Jan 1995,25.2688
11-20 Jan 1995,26.11778
21-31 Jan 1995,24.50611
1-10 Feb 1995,23.89583
11-20 Feb 1995,21.87139
21-28 Feb 1995,20.82768
1-10 Mar 1995,21.8838
11-20 Mar 1995,22.43333
21-31 Mar 1995,21.09657
1-10 Apr 1995,22.34722
11-20 Apr 1995,21.09435
21-30 Apr 1995,20.57963
1-10 May 1995,22.42491
11-20 May 1995,21.40898
21-31 May 1995,21.31981
1-10 Jun 1995,22.41232
11-20 Jun 1995,23.33333
21-30 Jun 1995,23.17259
1-10 Jul 1995,23.60472
11-20 Jul 1995,22.27185
21-31 Jul 1995,22.05037
1-10 Aug 1995,23.38148
11-20 Aug 1995,22.76417
21-31 Aug 1995,24.1187
1-10 Sep 1995,24.91232
11-20 Sep 1995,21.98769
21-30 Sep 1995,24.52324
1-10 Oct 1995,21.09768
11-20 Oct 1995,22.93907
21-31 Oct 1995,22.82463
1-10 Nov 1995,22.45463
11-20 Nov 1995,22.72333
21-30 Nov 1995,22.87667
1-10 Dec 1995,22.81417
11-20 Dec 1995,23.05167
21-31 Dec 1995,22.63722
1-10 Jan 1996,22.80574
11-20 Jan 1996,23.5575
21-31 Jan 1996,23.48926
1-10 Feb 1996,21.36046
11-20 Feb 1996,21.53759
21-29 Feb 1996,21.73991
1-10 Mar 1996,23.29056
11-20 Mar 1996,21.80833
21-31 Mar 1996,21.57593
1-10 Apr 1996,23.0863
11-20 Apr 1996,21.14833
21-30 Apr 1996,21.95898
1-10 May 1996,24.83333
11-20 May 1996,21.82972
21-31 May 1996,21.5013
1-10 Jun 1996,21.35722
11-20 Jun 1996,23.00528
21-30 Jun 1996,21.93481
1-10 Jul 1996,23.50685
11-20 Jul 1996,20.1537
21-31 Jul 1996,22.95861
1-10 Aug 1996,23.68463
11-20 Aug 1996,22.16269
21-31 Aug 1996,21.47806
1-10 Sep 1996,22.78972
11-20 Sep 1996,23.0713
21-30 Sep 1996,24.60083
1-10 Oct 1996,22.27074
11-20 Oct 1996,23.14528
21-31 Oct 1996,23.18444
1-10 Nov 1996,23.20389
11-20 Nov 1996,22.53056
21-30 Nov 1996,22.95824
1-10 Dec 1996,23.5775
11-20 Dec 1996,24.03852
21-31 Dec 1996,24.04926
1-10 Jan 1997,22.48567
11-20 Jan 1997,24.11355
21-31 Jan 1997,25.01055
1-10 Feb 1997,24.67749
11-20 Feb 1997,24.49335
21-28 Feb 1997,24.91213
1-10 Mar 1997,24.56518
11-20 Mar 1997,24.66388
21-31 Mar 1997,22.88491
1-10 Apr 1997,21.84355
11-20 Apr 1997,21.48882
21-30 Apr 1997,21.17068
1-10 May 1997,22.64226
11-20 May 1997,20.29345
21-31 May 1997,22.69228
1-10 Jun 1997,22.67014
11-20 Jun 1997,21.19252
21-30 Jun 1997,22.58166
1-10 Jul 1997,21.56095
11-20 Jul 1997,21.35295
21-31 Jul 1997,23.12103
1-10 Aug 1997,23.03139
11-20 Aug 1997,23.52213
21-31 Aug 1997,24.22759
1-10 Sep 1997,25.17963
11-20 Sep 1997,24.6588
21-30 Sep 1997,26.34213
1-10 Oct 1997,24.59722
11-20 Oct 1997,24.16991
21-31 Oct 1997,24.71509
1-10 Nov 1997,22.40259
11-20 Nov 1997,21.12139
21-30 Nov 1997,22.04546
1-10 Dec 1997,21.41815
11-20 Dec 1997,21.68398
21-31 Dec 1997,22.61926
1-10 Jan 1998,21.53065
11-20 Jan 1998,23.37856
21-31 Jan 1998,23.88954
1-10 Feb 1998,24.05083
11-20 Feb 1998,23.66155
21-28 Feb 1998,22.92662
1-10 Mar 1998,24.01841
11-20 Mar 1998,24.04442
21-31 Mar 1998,22.77269
1-10 Apr 1998,23.07103
11-20 Apr 1998,22.49742
21-30 Apr 1998,21.87134
1-10 May 1998,22.62113
11-20 May 1998,21.86119
21-31 May 1998,22.79371
1-10 Jun 1998,23.03813
11-20 Jun 1998,22.29507
21-30 Jun 1998,23.32496
1-10 Jul 1998,23.11177
11-20 Jul 1998,22.07746
21-31 Jul 1998,21.9806
1-10 Aug 1998,22.25216
11-20 Aug 1998,22.67159
21-31 Aug 1998,22.56727
1-10 Sep 1998,23.97893
11-20 Sep 1998,23.60977
21-30 Sep 1998,23.13678
1-10 Oct 1998,23.01586
11-20 Oct 1998,23.23687
21-31 Oct 1998,23.14505
1-10 Nov 1998,21.80838
11-20 Nov 1998,21.98154
21-30 Nov 1998,23.14847
1-10 Dec 1998,22.26092
11-20 Dec 1998,23.14654
21-31 Dec 1998,25.25604
1-10 Jan 1999,22.74426
11-20 Jan 1999,22.7706
21-31 Jan 1999,24.13863
1-10 Feb 1999,24.85885
11-20 Feb 1999,24.28744
21-28 Feb 1999,23.53821
1-10 Mar 1999,21.68683
11-20 Mar 1999,21.5518
21-31 Mar 1999,22.7174
1-10 Apr 1999,21.39489
11-20 Apr 1999,21.48115
21-30 Apr 1999,20.46874
1-10 May 1999,21.16662
11-20 May 1999,20.89689
21-31 May 1999,22.85107
1-10 Jun 1999,22.23819
11-20 Jun 1999,23.51625
21-30 Jun 1999,22.92463
1-10 Jul 1999,22.83447
11-20 Jul 1999,22.5809
21-31 Jul 1999,22.47964
1-10 Aug 1999,21.14076
11-20 Aug 1999,21.3956
21-31 Aug 1999,21.73054
1-10 Sep 1999,21.29138
11-20 Sep 1999,23.7578
21-30 Sep 1999,23.22846
1-10 Oct 1999,22.87711
11-20 Oct 1999,23.43501
21-31 Oct 1999,25.42999
1-10 Nov 1999,24.33356
11-20 Nov 1999,22.69299
21-30 Nov 1999,21.56317
1-10 Dec 1999,23.4929
11-20 Dec 1999,23.67983
21-31 Dec 1999,22.1822
1-10 Jan 2000,23.93007
11-20 Jan 2000,23.96943
21-31 Jan 2000,25.14311
1-10 Feb 2000,24.0475
11-20 Feb 2000,25.33954
21-29 Feb 2000,25.21992
1-10 Mar 2000,24.14732
11-20 Mar 2000,22.37238
21-31 Mar 2000,22.48747
1-10 Apr 2000,22.34888
11-20 Apr 2000,22.21666
21-30 Apr 2000,22.58257
1-10 May 2000,22.9099
11-20 May 2000,22.83636
21-31 May 2000,23.6907
1-10 Jun 2000,24.45519
11-20 Jun 2000,24.31516
21-30 Jun 2000,23.553
1-10 Jul 2000,23.857
11-20 Jul 2000,24.26312
21-31 Jul 2000,22.93527
1-10 Aug 2000,24.28017
11-20 Aug 2000,22.40037
21-31 Aug 2000,23.41731
1-10 Sep 2000,25.78013
11-20 Sep 2000,24.64728
21-30 Sep 2000,24.50663
1-10 Oct 2000,24.30734
11-20 Oct 2000,25.10528
21-31 Oct 2000,24.64717
1-10 Nov 2000,23.78959
11-20 Nov 2000,23.83661
21-30 Nov 2000,23.86331
1-10 Dec 2000,24.12108
11-20 Dec 2000,24.24375
21-31 Dec 2000,24.02073
1-10 Jan 2001,23.9775
11-20 Jan 2001,23.46843
21-31 Jan 2001,23.65574
1-10 Feb 2001,22.89296
11-20 Feb 2001,23.35407
21-28 Feb 2001,22.86583
1-10 Mar 2001,22.65713
11-20 Mar 2001,22.19028
21-31 Mar 2001,21.7075
1-10 Apr 2001,22.14065
11-20 Apr 2001,21.64565
21-30 Apr 2001,21.24574
1-10 May 2001,22.96824
11-20 May 2001,19.5925
21-31 May 2001,20.11917
1-10 Jun 2001,21.07
11-20 Jun 2001,21.41593
21-30 Jun 2001,21.93676
1-10 Jul 2001,22.35509
11-20 Jul 2001,21.85796
21-31 Jul 2001,20.61907
1-10 Aug 2001,20.97954
11-20 Aug 2001,21.58194
21-31 Aug 2001,23.00991
1-10 Sep 2001,23.34185
11-20 Sep 2001,22.06417
21-30 Sep 2001,21.20343
1-10 Oct 2001,21.82861
11-20 Oct 2001,22.60898
21-31 Oct 2001,22.82704
1-10 Nov 2001,23.01982
11-20 Nov 2001,22.22509
21-30 Nov 2001,23.34593
1-10 Dec 2001,21.89769
11-20 Dec 2001,22.9413
21-31 Dec 2001,24.09898
1-10 Jan 2002,23.06698
11-20 Jan 2002,23.65222
21-31 Jan 2002,23.70287
1-10 Feb 2002,25.00297
11-20 Feb 2002,23.76619
21-28 Feb 2002,24.29561
1-10 Mar 2002,22.26991
11-20 Mar 2002,23.62509
21-31 Mar 2002,22.45306
1-10 Apr 2002,22.93545
11-20 Apr 2002,21.93777
21-30 Apr 2002,22.00368
1-10 May 2002,23.06448
11-20 May 2002,23.09793
21-31 May 2002,23.15558
1-10 Jun 2002,23.97538
11-20 Jun 2002,23.82636
21-30 Jun 2002,24.70837
1-10 Jul 2002,25.07441
11-20 Jul 2002,25.00647
21-31 Jul 2002,25.02572
1-10 Aug 2002,22.93412
11-20 Aug 2002,25.62312
21-31 Aug 2002,24.80332
1-10 Sep 2002,25.49026
11-20 Sep 2002,24.51551
21-30 Sep 2002,26.42239
1-10 Oct 2002,23.5808
11-20 Oct 2002,25.27049
21-31 Oct 2002,23.12231
1-10 Nov 2002,22.24672
11-20 Nov 2002,23.08284
21-30 Nov 2002,23.97914
1-10 Dec 2002,22.36118
11-20 Dec 2002,22.56198
21-31 Dec 2002,23.84242
1-10 Jan 2003,24.34129
11-20 Jan 2003,25.16295
21-31 Jan 2003,25.0253
1-10 Feb 2003,26.11846
11-20 Feb 2003,24.64189
21-28 Feb 2003,24.28116
1-10 Mar 2003,25.0242
11-20 Mar 2003,23.02684
21-31 Mar 2003,23.39932
1-10 Apr 2003,24.48331
11-20 Apr 2003,22.68851
21-30 Apr 2003,22.26237
1-10 May 2003,22.68084
11-20 May 2003,22.56242
21-31 May 2003,21.69176
1-10 Jun 2003,23.46107
11-20 Jun 2003,23.23125
21-30 Jun 2003,21.42086
1-10 Jul 2003,22.73988
11-20 Jul 2003,22.87068
21-31 Jul 2003,24.41714
1-10 Aug 2003,24.45579
11-20 Aug 2003,24.50962
21-31 Aug 2003,23.06199
1-10 Sep 2003,23.46153
11-20 Sep 2003,23.35728
21-30 Sep 2003,24.04089
1-10 Oct 2003,23.94759
11-20 Oct 2003,25.19912
21-31 Oct 2003,23.36535
1-10 Nov 2003,23.13218
11-20 Nov 2003,23.14051
21-30 Nov 2003,22.12492
1-10 Dec 2003,21.98452
11-20 Dec 2003,24.90974
21-31 Dec 2003,24.38078
1-10 Jan 2004,23.59904
11-20 Jan 2004,24.27398
21-31 Jan 2004,25.21917
1-10 Feb 2004,24.20609
11-20 Feb 2004,23.77596
21-29 Feb 2004,23.29563
1-10 Mar 2004,24.30655
11-20 Mar 2004,23.34817
21-31 Mar 2004,23.80704
1-10 Apr 2004,23.29033
11-20 Apr 2004,22.16608
21-30 Apr 2004,21.76486
1-10 May 2004,23.56781
11-20 May 2004,23.58363
21-31 May 2004,23.50553
1-10 Jun 2004,23.79006
11-20 Jun 2004,24.93391
21-30 Jun 2004,24.56934
1-10 Jul 2004,24.68409
11-20 Jul 2004,24.15149
21-31 Jul 2004,24.9353
1-10 Aug 2004,23.33968
11-20 Aug 2004,23.72179
21-31 Aug 2004,25.1355
1-10 Sep 2004,24.82174
11-20 Sep 2004,25.70084
21-30 Sep 2004,24.53449
1-10 Oct 2004,25.06566
11-20 Oct 2004,24.38485
21-31 Oct 2004,24.06139
1-10 Nov 2004,23.80915
11-20 Nov 2004,23.81676
21-30 Nov 2004,24.16733
1-10 Dec 2004,24.13788
11-20 Dec 2004,24.26696
21-31 Dec 2004,24.49808
1-10 Jan 2005,25.04427
11-20 Jan 2005,24.45981
21-31 Jan 2005,23.89165
1-10 Feb 2005,23.89495
11-20 Feb 2005,26.88515
21-28 Feb 2005,27.29992
1-10 Mar 2005,24.02533
11-20 Mar 2005,23.50393
21-31 Mar 2005,23.23515
1-10 Apr 2005,24.71946
11-20 Apr 2005,23.22191
21-30 Apr 2005,23.39427
1-10 May 2005,24.00601
11-20 May 2005,24.70652
21-31 May 2005,22.84531
1-10 Jun 2005,24.59769
11-20 Jun 2005,24.39392
21-30 Jun 2005,22.92238
1-10 Jul 2005,23.88049
11-20 Jul 2005,23.82541
21-31 Jul 2005,24.50911
1-10 Aug 2005,24.46696
11-20 Aug 2005,23.93835
21-31 Aug 2005,24.57061
1-10 Sep 2005,25.55699
11-20 Sep 2005,24.56236
21-30 Sep 2005,25.50287
1-10 Oct 2005,26.17636
11-20 Oct 2005,24.88922
21-31 Oct 2005,24.57061
1-10 Nov 2005,24.31583
11-20 Nov 2005,25.12293
21-30 Nov 2005,23.80482
1-10 Dec 2005,25.11227
11-20 Dec 2005,26.5718
21-31 Dec 2005,27.34684
1-10 Jan 2006,26.44409
11-20 Jan 2006,23.70197
21-31 Jan 2006,27.96297
1-10 Feb 2006,26.79771
11-20 Feb 2006,22.39534
21-28 Feb 2006,22.7797
1-10 Mar 2006,23.13298
11-20 Mar 2006,22.92842
21-31 Mar 2006,23.8821
1-10 Apr 2006,23.13677
11-20 Apr 2006,22.83535
21-30 Apr 2006,21.36746
1-10 May 2006,23.29434
11-20 May 2006,22.67327
21-31 May 2006,23.01772
1-10 Jun 2006,24.02011
11-20 Jun 2006,24.02224
21-30 Jun 2006,24.77598
1-10 Jul 2006,25.2162
11-20 Jul 2006,23.64672
21-31 Jul 2006,22.46553
1-10 Aug 2006,21.46646
11-20 Aug 2006,24.59798
21-31 Aug 2006,25.28353
1-10 Sep 2006,25.10197
11-20 Sep 2006,25.5198
21-30 Sep 2006,24.25108
1-10 Oct 2006,25.12978
11-20 Oct 2006,25.48009
21-31 Oct 2006,23.63171
1-10 Nov 2006,22.7862
11-20 Nov 2006,22.26484
21-30 Nov 2006,22.40831
1-10 Dec 2006,23.33741
11-20 Dec 2006,23.3387
21-31 Dec 2006,22.76552
1-10 Jan 2007,24.27658
11-20 Jan 2007,23.98591
21-31 Jan 2007,24.76618
1-10 Feb 2007,23.05846
11-20 Feb 2007,24.33569
21-28 Feb 2007,24.81082
1-10 Mar 2007,24.6792
11-20 Mar 2007,23.7979
21-31 Mar 2007,23.57286
1-10 Apr 2007,26.17317
11-20 Apr 2007,23.00679
21-30 Apr 2007,23.03388
1-10 May 2007,24.29398
11-20 May 2007,22.90185
21-31 May 2007,24.11465
1-10 Jun 2007,23.29558
11-20 Jun 2007,23.37089
21-30 Jun 2007,23.20983
1-10 Jul 2007,23.05181
11-20 Jul 2007,23.26451
21-31 Jul 2007,23.67436
1-10 Aug 2007,23.41889
11-20 Aug 2007,23.05088
21-31 Aug 2007,24.51809
1-10 Sep 2007,22.88631
11-20 Sep 2007,23.28728
21-30 Sep 2007,26.01813
1-10 Oct 2007,25.44245
11-20 Oct 2007,25.10211
21-31 Oct 2007,24.29869
1-10 Nov 2007,23.95369
11-20 Nov 2007,24.26124
21-30 Nov 2007,25.09945
1-10 Dec 2007,24.73184
11-20 Dec 2007,24.89716
21-31 Dec 2007,25.08549
1-10 Jan 2008,26.67513
11-20 Jan 2008,23.99946
21-31 Jan 2008,23.6757
1-10 Feb 2008,23.68592
11-20 Feb 2008,23.62008
21-29 Feb 2008,24.49667
1-10 Mar 2008,23.64337
11-20 Mar 2008,22.79212
21-31 Mar 2008,22.2414
1-10 Apr 2008,23.29882
11-20 Apr 2008,21.40936
21-30 Apr 2008,22.6579
1-10 May 2008,24.65345
11-20 May 2008,23.04281
21-31 May 2008,23.37181
1-10 Jun 2008,20.581
11-20 Jun 2008,22.52395
21-30 Jun 2008,24.02978
1-10 Jul 2008,24.54527
11-20 Jul 2008,22.62718
21-31 Jul 2008,22.75951
1-10 Aug 2008,23.10401
11-20 Aug 2008,24.07182
21-31 Aug 2008,24.17146
1-10 Sep 2008,25.79484
11-20 Sep 2008,24.24778
21-30 Sep 2008,24.53226
1-10 Oct 2008,24.42099
11-20 Oct 2008,25.0979
21-31 Oct 2008,24.34587
1-10 Nov 2008,24.55372
11-20 Nov 2008,24.14554
21-30 Nov 2008,26.13243
1-10 Dec 2008,24.57889
11-20 Dec 2008,25.10373
21-31 Dec 2008,26.1993
1-10 Jan 2009,25.4474
11-20 Jan 2009,26.25121
21-31 Jan 2009,23.9974
1-10 Feb 2009,22.86005
11-20 Feb 2009,23.24459
21-28 Feb 2009,22.96202
1-10 Mar 2009,23.03158
11-20 Mar 2009,23.71274
21-31 Mar 2009,24.87829
1-10 Apr 2009,23.23372
11-20 Apr 2009,22.44853
21-30 Apr 2009,22.97932
1-10 May 2009,24.34388
11-20 May 2009,21.60783
21-31 May 2009,23.11848
1-10 Jun 2009,24.76386
11-20 Jun 2009,24.61316
21-30 Jun 2009,24.67187
1-10 Jul 2009,22.78129
11-20 Jul 2009,23.46592
21-31 Jul 2009,24.53428
1-10 Aug 2009,24.86849
11-20 Aug 2009,24.02078
21-31 Aug 2009,23.14316
1-10 Sep 2009,25.50889
11-20 Sep 2009,25.88562
21-30 Sep 2009,24.93301
1-10 Oct 2009,24.8351
11-20 Oct 2009,23.86147
21-31 Oct 2009,23.55058
1-10 Nov 2009,25.17457
11-20 Nov 2009,23.30291
21-30 Nov 2009,23.43472
1-10 Dec 2009,23.91836
11-20 Dec 2009,23.92118
21-31 Dec 2009,23.6485
1-10 Jan 2010,24.48429
11-20 Jan 2010,25.20972
21-31 Jan 2010,26.708
1-10 Feb 2010,25.18461
11-20 Feb 2010,24.7131
21-28 Feb 2010,22.98471
1-10 Mar 2010,23.39602
11-20 Mar 2010,25.24908
21-31 Mar 2010,23.22852
1-10 Apr 2010,23.63623
11-20 Apr 2010,23.51679
21-30 Apr 2010,22.72586
1-10 May 2010,22.13016
11-20 May 2010,21.71451
21-31 May 2010,23.1304
1-10 Jun 2010,22.8745
11-20 Jun 2010,23.55544
21-30 Jun 2010,23.59133
1-10 Jul 2010,23.39263
11-20 Jul 2010,24.01007
21-31 Jul 2010,23.09971
1-10 Aug 2010,24.35133
11-20 Aug 2010,24.42548
21-31 Aug 2010,24.63474
1-10 Sep 2010,23.98172
11-20 Sep 2010,23.65315
21-30 Sep 2010,24.60374
1-10 Oct 2010,25.54139
11-20 Oct 2010,22.92041
21-31 Oct 2010,23.82358
1-10 Nov 2010,24.19902
11-20 Nov 2010,23.01621
21-30 Nov 2010,24.56965
1-10 Dec 2010,23.66166
11-20 Dec 2010,23.91813
21-31 Dec 2010,23.41079
1-10 Jan 2011,24.0498
11-20 Jan 2011,22.95267
21-31 Jan 2011,25.23639
1-10 Feb 2011,24.5686
11-20 Feb 2011,24.33249
21-28 Feb 2011,24.03156
1-10 Mar 2011,23.5354
11-20 Mar 2011,22.17934
21-31 Mar 2011,22.20603
1-10 Apr 2011,21.83347
11-20 Apr 2011,21.56913
21-30 Apr 2011,21.86401
1-10 May 2011,23.29763
11-20 May 2011,22.59816
21-31 May 2011,22.16572
1-10 Jun 2011,23.79556
11-20 Jun 2011,22.75094
21-30 Jun 2011,22.50325
1-10 Jul 2011,23.62691
11-20 Jul 2011,23.45084
21-31 Jul 2011,23.19655
1-10 Aug 2011,22.90034
11-20 Aug 2011,21.51089
21-31 Aug 2011,22.98718
1-10 Sep 2011,23.03094
11-20 Sep 2011,22.54845
21-30 Sep 2011,22.48286
1-10 Oct 2011,22.5718
11-20 Oct 2011,22.17794
21-31 Oct 2011,22.98873
1-10 Nov 2011,23.1405
11-20 Nov 2011,22.70547
21-30 Nov 2011,22.5482
1-10 Dec 2011,22.78399
11-20 Dec 2011,23.28054
21-31 Dec 2011,24.00356
1-10 Jan 2012,25.3269
11-20 Jan 2012,24.90196
21-31 Jan 2012,27.10194
1-10 Feb 2012,26.41891
11-20 Feb 2012,24.03353
21-29 Feb 2012,22.45081
1-10 Mar 2012,23.60394
11-20 Mar 2012,24.74073
21-31 Mar 2012,24.30305
1-10 Apr 2012,22.80582
11-20 Apr 2012,22.23983
21-30 Apr 2012,20.88729
1-10 May 2012,21.62143
11-20 May 2012,21.20671
21-31 May 2012,21.85074
1-10 Jun 2012,22.89603
11-20 Jun 2012,22.9427
21-30 Jun 2012,21.68525
1-10 Jul 2012,23.87652
11-20 Jul 2012,23.5022
21-31 Jul 2012,23.6237
1-10 Aug 2012,23.60186
11-20 Aug 2012,24.18126
21-31 Aug 2012,24.02963
1-10 Sep 2012,24.02517
11-20 Sep 2012,23.03491
21-30 Sep 2012,24.61737
1-10 Oct 2012,24.91563
11-20 Oct 2012,23.81272
21-31 Oct 2012,24.46895
1-10 Nov 2012,22.42027
11-20 Nov 2012,23.87481
21-30 Nov 2012,23.49737
1-10 Dec 2012,23.69131
11-20 Dec 2012,22.95279
21-31 Dec 2012,22.93209
1-10 Jan 2013,23.22764
11-20 Jan 2013,25.31624
21-31 Jan 2013,26.3858
1-10 Feb 2013,24.11581
11-20 Feb 2013,23.46684
21-28 Feb 2013,25.46454
1-10 Mar 2013,24.28839
11-20 Mar 2013,23.87556
21-31 Mar 2013,22.04504
1-10 Apr 2013,23.49874
11-20 Apr 2013,22.84734
21-30 Apr 2013,21.88899
1-10 May 2013,22.23471
11-20 May 2013,22.56642
21-31 May 2013,23.56782
1-10 Jun 2013,23.11686
11-20 Jun 2013,23.46396
21-30 Jun 2013,23.91399
1-10 Jul 2013,24.33701
11-20 Jul 2013,24.33685
21-31 Jul 2013,24.06713
1-10 Aug 2013,22.36188
11-20 Aug 2013,24.1385
21-31 Aug 2013,23.80894
1-10 Sep 2013,23.50854
11-20 Sep 2013,24.33178
21-30 Sep 2013,23.50287
1-10 Oct 2013,23.26543
11-20 Oct 2013,24.75664
21-31 Oct 2013,24.13037
1-10 Nov 2013,23.523
11-20 Nov 2013,24.25838
21-30 Nov 2013,22.87242
1-10 Dec 2013,24.25795
11-20 Dec 2013,22.37772
21-31 Dec 2013,24.51796
1-10 Jan 2014,24.39197
11-20 Jan 2014,26.15864
21-31 Jan 2014,25.69739
1-10 Feb 2014,24.94535
11-20 Feb 2014,25.06758
21-28 Feb 2014,23.67873
1-10 Mar 2014,24.76169
11-20 Mar 2014,21.34374
21-31 Mar 2014,23.25311
1-10 Apr 2014,23.52073
11-20 Apr 2014,22.30633
21-30 Apr 2014,22.89462
1-10 May 2014,22.75172
11-20 May 2014,22.44439
21-31 May 2014,23.06179
1-10 Jun 2014,23.07088
11-20 Jun 2014,22.91089
21-30 Jun 2014,22.48346
1-10 Jul 2014,24.07568
11-20 Jul 2014,23.23067
21-31 Jul 2014,23.00419
1-10 Aug 2014,23.2989
11-20 Aug 2014,22.26609
21-31 Aug 2014,22.97916
1-10 Sep 2014,21.86633
11-20 Sep 2014,23.97435
21-30 Sep 2014,24.25914
1-10 Oct 2014,23.86313
11-20 Oct 2014,24.06979
21-31 Oct 2014,23.68531
1-10 Nov 2014,23.36773
11-20 Nov 2014,23.28108
21-30 Nov 2014,22.97892
1-10 Dec 2014,23.50438
11-20 Dec 2014,25.47752
21-31 Dec 2014,24.49807
1-10 Jan 2015,26.58146
11-20 Jan 2015,27.27127
21-31 Jan 2015,28.60629
1-10 Feb 2015,29.88456
11-20 Feb 2015,29.44611
21-28 Feb 2015,28.01178
1-10 Mar 2015,29.8984
11-20 Mar 2015,30.95694
21-31 Mar 2015,25.39859
1-10 Apr 2015,24.96576
11-20 Apr 2015,25.04546
21-30 Apr 2015,24.57928
1-10 May 2015,24.64296
11-20 May 2015,27.13692
21-31 May 2015,27.89053
1-10 Jun 2015,27.68072
11-20 Jun 2015,28.1816
21-30 Jun 2015,27.86975
1-10 Jul 2015,27.83468
11-20 Jul 2015,28.39211
21-31 Jul 2015,28.64846
1-10 Aug 2015,28.475
11-20 Aug 2015,29.09109
21-31 Aug 2015,29.25051
1-10 Sep 2015,27.70674
11-20 Sep 2015,29.09076
21-30 Sep 2015,28.73773
1-10 Oct 2015,28.09697
11-20 Oct 2015,26.98083
21-31 Oct 2015,25.3129
1-10 Nov 2015,25.02803
11-20 Nov 2015,25.38604
21-30 Nov 2015,25.47005
1-10 Dec 2015,25.05597
11-20 Dec 2015,23.33137
21-31 Dec 2015,25.22527
1-10 Jan 2016,26.36285
11-20 Jan 2016,24.95718
21-31 Jan 2016,27.06324
1-10 Feb 2016,27.95639
11-20 Feb 2016,27.77759
21-29 Feb 2016,27.89552
1-10 Mar 2016,29.52412
11-20 Mar 2016,30.35935
21-31 Mar 2016,29.96189
1-10 Apr 2016,26.33681
11-20 Apr 2016,25.66611
21-30 Apr 2016,25.48384
1-10 May 2016,26.03148
11-20 May 2016,27.38125
21-31 May 2016,28.10511
1-10 Jun 2016,28.28595
11-20 Jun 2016,27.87113
21-30 Jun 2016,27.06382
1-10 Jul 2016,28.22373
11-20 Jul 2016,28.01366
21-31 Jul 2016,28.43565
1-10 Aug 2016,28.85704
11-20 Aug 2016,28.76241
21-31 Aug 2016,28.89577
1-10 Sep 2016,29.30861
11-20 Sep 2016,28.97685
21-30 Sep 2016,27.83236
1-10 Oct 2016,25.6134
11-20 Oct 2016,28.45238
21-31 Oct 2016,27.96162
1-10 Nov 2016,25.0013
11-20 Nov 2016,24.26407
21-30 Nov 2016,25.28104
1-10 Dec 2016,24.92782
11-20 Dec 2016,24.49556
21-31 Dec 2016,25.9262
1-10 Jan 2017,26.97278
11-20 Jan 2017,28.17833
21-31 Jan 2017,26.91431
1-10 Feb 2017,26.48377
11-20 Feb 2017,26.60586
21-28 Feb 2017,25.00634
1-10 Mar 2017,26.04264
11-20 Mar 2017,26.64069
21-31 Mar 2017,25.1213
1-10 Apr 2017,25.59711
11-20 Apr 2017,25.86074
21-30 Apr 2017,25.11361
1-10 May 2017,25.52898
11-20 May 2017,26.87898
21-31 May 2017,27.2213
1-10 Jun 2017,27.48477
11-20 Jun 2017,27.304
21-30 Jun 2017,27.42299
1-10 Jul 2017,24.98282
11-20 Jul 2017,25.359
21-31 Jul 2017,25.45579
1-10 Aug 2017,25.1915
11-20 Aug 2017,25.17633
21-31 Aug 2017,25.33063
1-10 Sep 2017,25.04557
11-20 Sep 2017,25.13475
21-30 Sep 2017,25.04702
1-10 Oct 2017,25.04173
11-20 Oct 2017,24.39269
21-31 Oct 2017,24.17901
1-10 Nov 2017,24.28503
11-20 Nov 2017,24.49877
21-30 Nov 2017,24.29797
1-10 Dec 2017,24.70118
11-20 Dec 2017,24.80007
21-31 Dec 2017,24.94078
1-10 Jan 2018,23.98008
11-20 Jan 2018,23.92558
21-31 Jan 2018,24.18172
1-10 Feb 2018,24.69456
11-20 Feb 2018,24.86089
21-28 Feb 2018,23.99207
1-10 Mar 2018,23.85917
11-20 Mar 2018,24.14131
21-31 Mar 2018,23.68134
1-10 Apr 2018,23.60311
11-20 Apr 2018,23.42644
21-30 Apr 2018,23.35007
1-10 May 2018,23.42428
11-20 May 2018,23.48762
21-31 May 2018,23.28354
1-10 Jun 2018,23.83287
11-20 Jun 2018,24.0343
21-30 Jun 2018,24.34638
1-10 Jul 2018,23.88094
11-20 Jul 2018,23.8725
21-31 Jul 2018,23.57713
1-10 Aug 2018,23.96754
11-20 Aug 2018,24.82304
21-31 Aug 2018,23.43732
1-10 Sep 2018,24.63086
11-20 Sep 2018,24.99013
21-30 Sep 2018,25.01375
1-10 Oct 2018,25.2221
11-20 Oct 2018,24.622
21-31 Oct 2018,24.51435
1-10 Nov 2018,23.8286
11-20 Nov 2018,24.10795
21-30 Nov 2018,24.09834
1-10 Dec 2018,23.55183
11-20 Dec 2018,23.64882
21-31 Dec 2018,24.10822
1-10 Jan 2019,24.50388
11-20 Jan 2019,24.40119
21-31 Jan 2019,24.63725
1-10 Feb 2019,25.54655
11-20 Feb 2019,24.76691
21-28 Feb 2019,24.20521
1-10 Mar 2019,24.16069
11-20 Mar 2019,24.55502
21-31 Mar 2019,24.58526
1-10 Apr 2019,24.56255
11-20 Apr 2019,24.62443
21-30 Apr 2019,23.89045
1-10 May 2019,23.63669
11-20 May 2019,23.53466
21-31 May 2019,23.53681
1-10 Jun 2019,23.69288
11-20 Jun 2019,24.14084
21-30 Jun 2019,24.14008
1-10 Jul 2019,24.87506
11-20 Jul 2019,24.84217
21-31 Jul 2019,25.14463
1-10 Aug 2019,24.83403
11-20 Aug 2019,25.45102
21-31 Aug 2019,25.24192
1-10 Sep 2019,24.39334
11-20 Sep 2019,24.72853
21-30 Sep 2019,25.07187
1-10 Oct 2019,23.44432
11-20 Oct 2019,23.15861
21-31 Oct 2019,22.70986
1-10 Nov 2019,23.94245
11-20 Nov 2019,23.90768
21-30 Nov 2019,23.29035
1-10 Dec 2019,23.25875
11-20 Dec 2019,24.11462
21-31 Dec 2019,24.69782
1-10 Jan 2020,24.03618
11-20 Jan 2020,23.98876
21-31 Jan 2020,23.15473
1-10 Feb 2020,23.72649
11-20 Feb 2020,25.13543
21-29 Feb 2020,23.89229
1-10 Mar 2020,24.90382
11-20 Mar 2020,24.10807
21-31 Mar 2020,23.69977
1-10 Apr 2020,24.45655
11-20 Apr 2020,23.02771
21-30 Apr 2020,22.23994
1-10 May 2020,22.58785
11-20 May 2020,23.44932
21-31 May 2020,23.93624
1-10 Jun 2020,24.37971
11-20 Jun 2020,22.0819
21-30 Jun 2020,23.28913
1-10 Jul 2020,23.57621
11-20 Jul 2020,22.47458
21-31 Jul 2020,23.35254
1-10 Aug 2020,24.86213
11-20 Aug 2020,25.93314
21-31 Aug 2020,24.73046
1-10 Sep 2020,24.03625
11-20 Sep 2020,25.19205
21-30 Sep 2020,24.59822
1-10 Oct 2020,24.00636
11-20 Oct 2020,24.08624
21-31 Oct 2020,23.02859
1-10 Nov 2020,22.99335
11-20 Nov 2020,23.00444
21-30 Nov 2020,23.2881
1-10 Dec 2020,23.80144
11-20 Dec 2020,24.03947
21-31 Dec 2020,23.8578
1-10 Jan 2021,23.11887
11-20 Jan 2021,22.15545
21-31 Jan 2021,24.03111
1-10 Feb 2021,24.5829
11-20 Feb 2021,23.73906
21-28 Feb 2021,23.86604
1-10 Mar 2021,23.24928
11-20 Mar 2021,24.1768
21-31 Mar 2021,23.08963
1-10 Apr 2021,23.26598
11-20 Apr 2021,22.83347
21-30 Apr 2021,22.87717
1-10 May 2021,22.69102
11-20 May 2021,21.63153
21-31 May 2021,20.52525
1-10 Jun 2021,20.47833
11-20 Jun 2021,23.83932
21-30 Jun 2021,23.06275
1-10 Jul 2021,23.96383
11-20 Jul 2021,22.55896
21-31 Jul 2021,23.827
1-10 Aug 2021,24.328
11-20 Aug 2021,23.37762
21-31 Aug 2021,24.66532
1-10 Sep 2021,24.29021
11-20 Sep 2021,20.54534
21-30 Sep 2021,24.12872
1-10 Oct 2021,24.4925
11-20 Oct 2021,24.36631
21-31 Oct 2021,23.71353
1-10 Nov 2021,20.08538
11-20 Nov 2021,22.53928
21-30 Nov 2021,23.73665
1-10 Dec 2021,23.79125
11-20 Dec 2021,23.63328
21-31 Dec 2021,23.43674
