Time, Gridded Minimum Temperature
1-10 Jan 1961,12.86797
11-20 Jan 1961,13.52563
21-31 Jan 1961,13.38079
1-10 Feb 1961,13.56998
11-20 Feb 1961,12.38811
21-28 Feb 1961,13.41421
1-10 Mar 1961,13.01192
11-20 Mar 1961,13.30959
21-31 Mar 1961,12.3566
1-10 Apr 1961,12.62534
11-20 Apr 1961,12.70323
21-30 Apr 1961,12.53629
1-10 May 1961,12.92101
11-20 May 1961,13.43967
21-31 May 1961,12.64297
1-10 Jun 1961,12.30123
11-20 Jun 1961,12.19901
21-30 Jun 1961,12.64692
1-10 Jul 1961,13.26399
11-20 Jul 1961,12.54526
21-31 Jul 1961,13.26427
1-10 Aug 1961,12.75296
11-20 Aug 1961,13.81643
21-31 Aug 1961,13.80474
1-10 Sep 1961,13.56062
11-20 Sep 1961,13.37533
21-30 Sep 1961,13.18593
1-10 Oct 1961,13.10519
11-20 Oct 1961,13.01925
21-31 Oct 1961,13.31745
1-10 Nov 1961,13.71927
11-20 Nov 1961,13.38889
21-30 Nov 1961,13.10817
1-10 Dec 1961,12.95754
11-20 Dec 1961,12.67601
21-31 Dec 1961,13.01435
1-10 Jan 1962,13.78579
11-20 Jan 1962,13.39155
21-31 Jan 1962,13.59682
1-10 Feb 1962,12.3656
11-20 Feb 1962,12.54412
21-28 Feb 1962,13.19989
1-10 Mar 1962,12.89733
11-20 Mar 1962,12.77638
21-31 Mar 1962,12.6498
1-10 Apr 1962,13.21468
11-20 Apr 1962,13.39995
21-30 Apr 1962,13.26541
1-10 May 1962,13.32698
11-20 May 1962,13.08397
21-31 May 1962,12.01381
1-10 Jun 1962,11.85115
11-20 Jun 1962,13.04204
21-30 Jun 1962,13.07208
1-10 Jul 1962,11.8012
11-20 Jul 1962,12.00645
21-31 Jul 1962,12.47975
1-10 Aug 1962,13.17371
11-20 Aug 1962,13.67218
21-31 Aug 1962,12.28075
1-10 Sep 1962,12.70845
11-20 Sep 1962,12.40421
21-30 Sep 1962,12.86253
1-10 Oct 1962,13.25648
11-20 Oct 1962,14.47049
21-31 Oct 1962,14.28431
1-10 Nov 1962,13.28093
11-20 Nov 1962,12.42915
21-30 Nov 1962,12.90647
1-10 Dec 1962,12.89423
11-20 Dec 1962,11.98169
21-31 Dec 1962,12.66809
1-10 Jan 1963,12.76562
11-20 Jan 1963,13.67374
21-31 Jan 1963,11.92678
1-10 Feb 1963,13.1411
11-20 Feb 1963,12.14677
21-28 Feb 1963,12.77438
1-10 Mar 1963,12.91654
11-20 Mar 1963,13.11099
21-31 Mar 1963,13.53463
1-10 Apr 1963,13.37801
11-20 Apr 1963,13.47863
21-30 Apr 1963,13.59761
1-10 May 1963,13.79019
11-20 May 1963,13.3407
21-31 May 1963,13.79491
1-10 Jun 1963,12.98203
11-20 Jun 1963,12.21122
21-30 Jun 1963,12.2904
1-10 Jul 1963,12.96009
11-20 Jul 1963,12.49082
21-31 Jul 1963,11.59867
1-10 Aug 1963,11.41387
11-20 Aug 1963,12.44121
21-31 Aug 1963,12.77554
1-10 Sep 1963,13.48537
11-20 Sep 1963,14.63263
21-30 Sep 1963,12.5887
1-10 Oct 1963,13.388
11-20 Oct 1963,13.60164
21-31 Oct 1963,13.94797
1-10 Nov 1963,13.17189
11-20 Nov 1963,13.58266
21-30 Nov 1963,13.06462
1-10 Dec 1963,13.53925
11-20 Dec 1963,12.55587
21-31 Dec 1963,13.3778
1-10 Jan 1964,13.25906
11-20 Jan 1964,14.00323
21-31 Jan 1964,13.30761
1-10 Feb 1964,13.55459
11-20 Feb 1964,12.91426
21-29 Feb 1964,13.80215
1-10 Mar 1964,14.00906
11-20 Mar 1964,13.62273
21-31 Mar 1964,13.03547
1-10 Apr 1964,13.09477
11-20 Apr 1964,13.15901
21-30 Apr 1964,13.27418
1-10 May 1964,13.50625
11-20 May 1964,12.71318
21-31 May 1964,12.63528
1-10 Jun 1964,12.25634
11-20 Jun 1964,12.32593
21-30 Jun 1964,12.20051
1-10 Jul 1964,12.69506
11-20 Jul 1964,11.60819
21-31 Jul 1964,12.4963
1-10 Aug 1964,12.67386
11-20 Aug 1964,12.72171
21-31 Aug 1964,12.63069
1-10 Sep 1964,11.85657
11-20 Sep 1964,11.93447
21-30 Sep 1964,12.91362
1-10 Oct 1964,13.19562
11-20 Oct 1964,12.69602
21-31 Oct 1964,12.58244
1-10 Nov 1964,12.2855
11-20 Nov 1964,12.94079
21-30 Nov 1964,12.80202
1-10 Dec 1964,12.30374
11-20 Dec 1964,11.88864
21-31 Dec 1964,12.17907
1-10 Jan 1965,12.26226
11-20 Jan 1965,11.7019
21-31 Jan 1965,12.01386
1-10 Feb 1965,12.08077
11-20 Feb 1965,11.91901
21-28 Feb 1965,12.17847
1-10 Mar 1965,12.53584
11-20 Mar 1965,12.43025
21-31 Mar 1965,12.50351
1-10 Apr 1965,12.27399
11-20 Apr 1965,13.18323
21-30 Apr 1965,12.73869
1-10 May 1965,12.77104
11-20 May 1965,12.68986
21-31 May 1965,12.1363
1-10 Jun 1965,11.68342
11-20 Jun 1965,10.99406
21-30 Jun 1965,11.70934
1-10 Jul 1965,11.63069
11-20 Jul 1965,11.3793
21-31 Jul 1965,12.00558
1-10 Aug 1965,12.87125
11-20 Aug 1965,11.58237
21-31 Aug 1965,12.29681
1-10 Sep 1965,12.13663
11-20 Sep 1965,12.7815
21-30 Sep 1965,12.99648
1-10 Oct 1965,13.31831
11-20 Oct 1965,13.68082
21-31 Oct 1965,12.47132
1-10 Nov 1965,12.45636
11-20 Nov 1965,12.39567
21-30 Nov 1965,12.75863
1-10 Dec 1965,12.92325
11-20 Dec 1965,12.00566
21-31 Dec 1965,12.45228
1-10 Jan 1966,12.96661
11-20 Jan 1966,12.30867
21-31 Jan 1966,12.61727
1-10 Feb 1966,12.70441
11-20 Feb 1966,13.09012
21-28 Feb 1966,13.1633
1-10 Mar 1966,13.63253
11-20 Mar 1966,13.30794
21-31 Mar 1966,13.192
1-10 Apr 1966,13.36671
11-20 Apr 1966,13.37258
21-30 Apr 1966,12.93871
1-10 May 1966,13.89289
11-20 May 1966,12.45159
21-31 May 1966,12.84521
1-10 Jun 1966,12.7072
11-20 Jun 1966,12.91207
21-30 Jun 1966,12.75781
1-10 Jul 1966,12.01502
11-20 Jul 1966,12.8586
21-31 Jul 1966,12.83815
1-10 Aug 1966,11.93321
11-20 Aug 1966,12.424
21-31 Aug 1966,13.5478
1-10 Sep 1966,12.88919
11-20 Sep 1966,12.46359
21-30 Sep 1966,12.69758
1-10 Oct 1966,13.38684
11-20 Oct 1966,13.37231
21-31 Oct 1966,12.80037
1-10 Nov 1966,13.54307
11-20 Nov 1966,13.41623
21-30 Nov 1966,13.73119
1-10 Dec 1966,12.60756
11-20 Dec 1966,12.2501
21-31 Dec 1966,12.50126
1-10 Jan 1967,12.78767
11-20 Jan 1967,13.21932
21-31 Jan 1967,13.27747
1-10 Feb 1967,12.73289
11-20 Feb 1967,11.96911
21-28 Feb 1967,12.79585
1-10 Mar 1967,13.40335
11-20 Mar 1967,12.95581
21-31 Mar 1967,12.37644
1-10 Apr 1967,12.4787
11-20 Apr 1967,14.31035
21-30 Apr 1967,13.57408
1-10 May 1967,13.52558
11-20 May 1967,13.67585
21-31 May 1967,13.22352
1-10 Jun 1967,12.8189
11-20 Jun 1967,11.9105
21-30 Jun 1967,12.46582
1-10 Jul 1967,12.48022
11-20 Jul 1967,12.31005
21-31 Jul 1967,11.72871
1-10 Aug 1967,12.23977
11-20 Aug 1967,12.15049
21-31 Aug 1967,12.67213
1-10 Sep 1967,12.277
11-20 Sep 1967,12.71653
21-30 Sep 1967,12.31016
1-10 Oct 1967,12.94898
11-20 Oct 1967,12.55599
21-31 Oct 1967,13.11941
1-10 Nov 1967,12.62465
11-20 Nov 1967,13.15726
21-30 Nov 1967,13.31016
1-10 Dec 1967,12.76098
11-20 Dec 1967,13.09903
21-31 Dec 1967,12.8668
1-10 Jan 1968,13.10434
11-20 Jan 1968,13.53975
21-31 Jan 1968,13.1491
1-10 Feb 1968,13.30804
11-20 Feb 1968,13.46927
21-29 Feb 1968,14.22898
1-10 Mar 1968,13.56938
11-20 Mar 1968,13.94193
21-31 Mar 1968,13.96848
1-10 Apr 1968,13.32034
11-20 Apr 1968,13.64193
21-30 Apr 1968,13.41799
1-10 May 1968,13.3068
11-20 May 1968,13.04316
21-31 May 1968,13.14156
1-10 Jun 1968,12.65893
11-20 Jun 1968,12.43731
21-30 Jun 1968,12.17322
1-10 Jul 1968,11.45482
11-20 Jul 1968,11.04819
21-31 Jul 1968,12.19922
1-10 Aug 1968,11.50494
11-20 Aug 1968,12.88543
21-31 Aug 1968,12.33561
1-10 Sep 1968,11.9966
11-20 Sep 1968,12.42936
21-30 Sep 1968,11.93321
1-10 Oct 1968,13.19738
11-20 Oct 1968,13.51302
21-31 Oct 1968,13.16233
1-10 Nov 1968,13.34264
11-20 Nov 1968,12.68304
21-30 Nov 1968,12.6941
1-10 Dec 1968,12.47212
11-20 Dec 1968,11.57655
21-31 Dec 1968,12.09439
1-10 Jan 1969,12.34195
11-20 Jan 1969,11.99255
21-31 Jan 1969,12.22095
1-10 Feb 1969,13.62055
11-20 Feb 1969,13.16216
21-28 Feb 1969,13.00338
1-10 Mar 1969,13.49061
11-20 Mar 1969,13.72351
21-31 Mar 1969,13.49668
1-10 Apr 1969,14.12903
11-20 Apr 1969,13.6321
21-30 Apr 1969,13.3982
1-10 May 1969,13.63758
11-20 May 1969,13.85342
21-31 May 1969,12.42484
1-10 Jun 1969,12.56316
11-20 Jun 1969,11.98955
21-30 Jun 1969,12.25714
1-10 Jul 1969,11.83992
11-20 Jul 1969,11.22855
21-31 Jul 1969,12.52528
1-10 Aug 1969,12.34593
11-20 Aug 1969,11.90892
21-31 Aug 1969,12.20443
1-10 Sep 1969,12.33882
11-20 Sep 1969,13.81221
21-30 Sep 1969,12.62567
1-10 Oct 1969,13.05705
11-20 Oct 1969,13.61017
21-31 Oct 1969,13.24661
1-10 Nov 1969,12.91664
11-20 Nov 1969,13.17278
21-30 Nov 1969,13.09965
1-10 Dec 1969,12.52542
11-20 Dec 1969,12.61104
21-31 Dec 1969,12.31416
1-10 Jan 1970,12.91878
11-20 Jan 1970,13.2967
21-31 Jan 1970,12.78524
1-10 Feb 1970,12.21713
11-20 Feb 1970,13.3116
21-28 Feb 1970,13.73271
1-10 Mar 1970,13.15251
11-20 Mar 1970,12.94332
21-31 Mar 1970,13.53324
1-10 Apr 1970,13.40498
11-20 Apr 1970,13.74797
21-30 Apr 1970,13.11554
1-10 May 1970,13.05812
11-20 May 1970,13.04637
21-31 May 1970,12.7578
1-10 Jun 1970,13.1209
11-20 Jun 1970,11.65095
21-30 Jun 1970,12.18363
1-10 Jul 1970,12.4337
11-20 Jul 1970,12.08817
21-31 Jul 1970,12.4195
1-10 Aug 1970,12.14996
11-20 Aug 1970,13.12033
21-31 Aug 1970,12.74385
1-10 Sep 1970,12.11743
11-20 Sep 1970,12.14618
21-30 Sep 1970,12.21565
1-10 Oct 1970,12.60853
11-20 Oct 1970,12.95554
21-31 Oct 1970,12.41469
1-10 Nov 1970,13.03915
11-20 Nov 1970,11.97145
21-30 Nov 1970,12.5127
1-10 Dec 1970,12.39234
11-20 Dec 1970,12.50041
21-31 Dec 1970,12.43145
1-10 Jan 1971,13.0129
11-20 Jan 1971,12.80404
21-31 Jan 1971,12.57792
1-10 Feb 1971,12.81878
11-20 Feb 1971,12.54816
21-28 Feb 1971,12.11831
1-10 Mar 1971,12.79413
11-20 Mar 1971,12.58167
21-31 Mar 1971,13.27791
1-10 Apr 1971,12.2887
11-20 Apr 1971,12.63627
21-30 Apr 1971,12.80876
1-10 May 1971,12.77718
11-20 May 1971,13.02449
21-31 May 1971,12.11895
1-10 Jun 1971,12.06947
11-20 Jun 1971,10.79385
21-30 Jun 1971,12.12067
1-10 Jul 1971,12.13684
11-20 Jul 1971,11.72882
21-31 Jul 1971,11.58441
1-10 Aug 1971,11.26378
11-20 Aug 1971,11.56411
21-31 Aug 1971,12.34247
1-10 Sep 1971,11.99187
11-20 Sep 1971,11.38883
21-30 Sep 1971,11.15503
1-10 Oct 1971,12.08731
11-20 Oct 1971,12.24967
21-31 Oct 1971,12.81165
1-10 Nov 1971,12.70242
11-20 Nov 1971,12.74817
21-30 Nov 1971,12.05735
1-10 Dec 1971,12.09915
11-20 Dec 1971,12.53666
21-31 Dec 1971,12.201
1-10 Jan 1972,12.3845
11-20 Jan 1972,12.16901
21-31 Jan 1972,12.49642
1-10 Feb 1972,12.8481
11-20 Feb 1972,12.89438
21-29 Feb 1972,12.66515
1-10 Mar 1972,13.29178
11-20 Mar 1972,12.98019
21-31 Mar 1972,12.64467
1-10 Apr 1972,12.78395
11-20 Apr 1972,13.44605
21-30 Apr 1972,12.23702
1-10 May 1972,12.68178
11-20 May 1972,12.94264
21-31 May 1972,12.54151
1-10 Jun 1972,12.20175
11-20 Jun 1972,11.96126
21-30 Jun 1972,11.56328
1-10 Jul 1972,10.6585
11-20 Jul 1972,10.64941
21-31 Jul 1972,11.47625
1-10 Aug 1972,11.10396
11-20 Aug 1972,12.35928
21-31 Aug 1972,12.5639
1-10 Sep 1972,11.70265
11-20 Sep 1972,11.17747
21-30 Sep 1972,12.03015
1-10 Oct 1972,13.11511
11-20 Oct 1972,12.85345
21-31 Oct 1972,13.20182
1-10 Nov 1972,12.76084
11-20 Nov 1972,12.8734
21-30 Nov 1972,12.55079
1-10 Dec 1972,12.1382
11-20 Dec 1972,12.82399
21-31 Dec 1972,12.56855
1-10 Jan 1973,13.36808
11-20 Jan 1973,12.77052
21-31 Jan 1973,13.00464
1-10 Feb 1973,12.71707
11-20 Feb 1973,12.86579
21-28 Feb 1973,13.18436
1-10 Mar 1973,12.92252
11-20 Mar 1973,12.4568
21-31 Mar 1973,12.43596
1-10 Apr 1973,12.62369
11-20 Apr 1973,12.8788
21-30 Apr 1973,12.53258
1-10 May 1973,12.71999
11-20 May 1973,12.41823
21-31 May 1973,11.87795
1-10 Jun 1973,12.63648
11-20 Jun 1973,11.39454
21-30 Jun 1973,11.10065
1-10 Jul 1973,10.85255
11-20 Jul 1973,11.22019
21-31 Jul 1973,10.93306
1-10 Aug 1973,11.9228
11-20 Aug 1973,11.19793
21-31 Aug 1973,12.28264
1-10 Sep 1973,12.42756
11-20 Sep 1973,12.4465
21-30 Sep 1973,12.58639
1-10 Oct 1973,12.32746
11-20 Oct 1973,12.50337
21-31 Oct 1973,12.46159
1-10 Nov 1973,12.64185
11-20 Nov 1973,12.80843
21-30 Nov 1973,12.05502
1-10 Dec 1973,11.70569
11-20 Dec 1973,11.68391
21-31 Dec 1973,12.0431
1-10 Jan 1974,11.39235
11-20 Jan 1974,12.02022
21-31 Jan 1974,11.71823
1-10 Feb 1974,11.21894
11-20 Feb 1974,11.64372
21-28 Feb 1974,11.41292
1-10 Mar 1974,12.29804
11-20 Mar 1974,12.40665
21-31 Mar 1974,13.1466
1-10 Apr 1974,12.57101
11-20 Apr 1974,12.69313
21-30 Apr 1974,12.93698
1-10 May 1974,13.06871
11-20 May 1974,11.94771
21-31 May 1974,12.29531
1-10 Jun 1974,12.23177
11-20 Jun 1974,12.10426
21-30 Jun 1974,12.76956
1-10 Jul 1974,12.61128
11-20 Jul 1974,11.82283
21-31 Jul 1974,11.68201
1-10 Aug 1974,11.57378
11-20 Aug 1974,11.77479
21-31 Aug 1974,11.76169
1-10 Sep 1974,11.52602
11-20 Sep 1974,12.65194
21-30 Sep 1974,11.71051
1-10 Oct 1974,12.6509
11-20 Oct 1974,12.87673
21-31 Oct 1974,12.81597
1-10 Nov 1974,12.90359
11-20 Nov 1974,12.4166
21-30 Nov 1974,12.80112
1-10 Dec 1974,12.30424
11-20 Dec 1974,11.65275
21-31 Dec 1974,11.82231
1-10 Jan 1975,12.3677
11-20 Jan 1975,12.96716
21-31 Jan 1975,12.31124
1-10 Feb 1975,13.09276
11-20 Feb 1975,11.76579
21-28 Feb 1975,12.46337
1-10 Mar 1975,12.3829
11-20 Mar 1975,12.86826
21-31 Mar 1975,12.03367
1-10 Apr 1975,12.62941
11-20 Apr 1975,13.0434
21-30 Apr 1975,12.36509
1-10 May 1975,12.77926
11-20 May 1975,12.62448
21-31 May 1975,11.59034
1-10 Jun 1975,11.75569
11-20 Jun 1975,11.95698
21-30 Jun 1975,12.25204
1-10 Jul 1975,11.31108
11-20 Jul 1975,11.23073
21-31 Jul 1975,11.7717
1-10 Aug 1975,11.95747
11-20 Aug 1975,11.49602
21-31 Aug 1975,11.98498
1-10 Sep 1975,11.96659
11-20 Sep 1975,12.72038
21-30 Sep 1975,12.54201
1-10 Oct 1975,13.5256
11-20 Oct 1975,13.61768
21-31 Oct 1975,12.5726
1-10 Nov 1975,11.57362
11-20 Nov 1975,12.26319
21-30 Nov 1975,11.81041
1-10 Dec 1975,12.11416
11-20 Dec 1975,12.15756
21-31 Dec 1975,11.81243
1-10 Jan 1976,12.28335
11-20 Jan 1976,11.95663
21-31 Jan 1976,12.70231
1-10 Feb 1976,12.2126
11-20 Feb 1976,11.66716
21-29 Feb 1976,11.97014
1-10 Mar 1976,12.69789
11-20 Mar 1976,12.77625
21-31 Mar 1976,12.7648
1-10 Apr 1976,13.03736
11-20 Apr 1976,13.64904
21-30 Apr 1976,12.27754
1-10 May 1976,12.99477
11-20 May 1976,13.49182
21-31 May 1976,13.09435
1-10 Jun 1976,12.0799
11-20 Jun 1976,11.70007
21-30 Jun 1976,11.20483
1-10 Jul 1976,11.77824
11-20 Jul 1976,11.50189
21-31 Jul 1976,10.81167
1-10 Aug 1976,11.48462
11-20 Aug 1976,11.96088
21-31 Aug 1976,12.20085
1-10 Sep 1976,11.7557
11-20 Sep 1976,12.53056
21-30 Sep 1976,13.43269
1-10 Oct 1976,13.649
11-20 Oct 1976,12.93513
21-31 Oct 1976,12.51008
1-10 Nov 1976,12.80858
11-20 Nov 1976,12.52764
21-30 Nov 1976,13.04352
1-10 Dec 1976,12.62183
11-20 Dec 1976,12.44962
21-31 Dec 1976,12.41745
1-10 Jan 1977,12.82436
11-20 Jan 1977,13.15712
21-31 Jan 1977,13.13045
1-10 Feb 1977,13.26499
11-20 Feb 1977,12.25467
21-28 Feb 1977,13.43454
1-10 Mar 1977,12.9432
11-20 Mar 1977,12.65816
21-31 Mar 1977,13.36073
1-10 Apr 1977,13.53142
11-20 Apr 1977,13.6681
21-30 Apr 1977,13.2275
1-10 May 1977,13.11211
11-20 May 1977,12.48447
21-31 May 1977,12.50418
1-10 Jun 1977,12.25925
11-20 Jun 1977,12.08383
21-30 Jun 1977,11.79975
1-10 Jul 1977,12.63975
11-20 Jul 1977,12.12191
21-31 Jul 1977,11.94593
1-10 Aug 1977,12.61615
11-20 Aug 1977,12.06794
21-31 Aug 1977,12.56446
1-10 Sep 1977,12.60451
11-20 Sep 1977,12.72581
21-30 Sep 1977,11.87635
1-10 Oct 1977,13.07886
11-20 Oct 1977,13.12971
21-31 Oct 1977,13.81826
1-10 Nov 1977,13.58645
11-20 Nov 1977,13.12602
21-30 Nov 1977,13.07387
1-10 Dec 1977,12.58781
11-20 Dec 1977,12.64924
21-31 Dec 1977,13.6865
1-10 Jan 1978,13.01857
11-20 Jan 1978,13.88616
21-31 Jan 1978,12.79788
1-10 Feb 1978,12.75758
11-20 Feb 1978,13.52758
21-28 Feb 1978,14.36274
1-10 Mar 1978,14.25669
11-20 Mar 1978,13.86595
21-31 Mar 1978,13.87147
1-10 Apr 1978,13.84374
11-20 Apr 1978,13.88041
21-30 Apr 1978,13.03032
1-10 May 1978,13.03774
11-20 May 1978,13.03111
21-31 May 1978,12.82668
1-10 Jun 1978,11.88337
11-20 Jun 1978,12.14898
21-30 Jun 1978,12.56275
1-10 Jul 1978,12.02958
11-20 Jul 1978,12.00336
21-31 Jul 1978,11.92379
1-10 Aug 1978,13.05898
11-20 Aug 1978,12.98759
21-31 Aug 1978,13.74578
1-10 Sep 1978,12.42597
11-20 Sep 1978,12.7413
21-30 Sep 1978,12.50346
1-10 Oct 1978,13.95135
11-20 Oct 1978,13.25726
21-31 Oct 1978,13.07143
1-10 Nov 1978,13.59392
11-20 Nov 1978,12.87212
21-30 Nov 1978,12.90604
1-10 Dec 1978,13.08707
11-20 Dec 1978,13.71251
21-31 Dec 1978,13.58693
1-10 Jan 1979,13.35281
11-20 Jan 1979,13.48214
21-31 Jan 1979,13.65988
1-10 Feb 1979,13.73095
11-20 Feb 1979,13.35617
21-28 Feb 1979,13.76985
1-10 Mar 1979,12.97478
11-20 Mar 1979,13.66748
21-31 Mar 1979,13.26964
1-10 Apr 1979,13.35665
11-20 Apr 1979,14.24351
21-30 Apr 1979,13.61202
1-10 May 1979,13.17018
11-20 May 1979,13.8007
21-31 May 1979,13.01078
1-10 Jun 1979,12.96472
11-20 Jun 1979,12.17418
21-30 Jun 1979,12.36291
1-10 Jul 1979,12.8517
11-20 Jul 1979,11.47256
21-31 Jul 1979,11.5282
1-10 Aug 1979,12.87236
11-20 Aug 1979,13.60273
21-31 Aug 1979,13.07798
1-10 Sep 1979,13.01305
11-20 Sep 1979,13.22324
21-30 Sep 1979,12.79455
1-10 Oct 1979,13.54581
11-20 Oct 1979,13.77512
21-31 Oct 1979,13.5425
1-10 Nov 1979,13.54042
11-20 Nov 1979,13.19368
21-30 Nov 1979,12.741
1-10 Dec 1979,12.90937
11-20 Dec 1979,13.09958
21-31 Dec 1979,12.66088
1-10 Jan 1980,12.48547
11-20 Jan 1980,14.13116
21-31 Jan 1980,13.43423
1-10 Feb 1980,13.69507
11-20 Feb 1980,12.86224
21-29 Feb 1980,14.27234
1-10 Mar 1980,14.05882
11-20 Mar 1980,12.45011
21-31 Mar 1980,13.41731
1-10 Apr 1980,13.01605
11-20 Apr 1980,14.00411
21-30 Apr 1980,13.36103
1-10 May 1980,13.7468
11-20 May 1980,13.5798
21-31 May 1980,13.41685
1-10 Jun 1980,12.5973
11-20 Jun 1980,12.54801
21-30 Jun 1980,13.4514
1-10 Jul 1980,13.56668
11-20 Jul 1980,12.70972
21-31 Jul 1980,12.13303
1-10 Aug 1980,13.49188
11-20 Aug 1980,12.73834
21-31 Aug 1980,13.56853
1-10 Sep 1980,13.38193
11-20 Sep 1980,14.17226
21-30 Sep 1980,13.71341
1-10 Oct 1980,13.41766
11-20 Oct 1980,13.8425
21-31 Oct 1980,13.21563
1-10 Nov 1980,13.14367
11-20 Nov 1980,13.37827
21-30 Nov 1980,12.35603
1-10 Dec 1980,13.50108
11-20 Dec 1980,12.87207
21-31 Dec 1980,13.12301
1-10 Jan 1981,12.90544
11-20 Jan 1981,12.88619
21-31 Jan 1981,13.2062
1-10 Feb 1981,13.04146
11-20 Feb 1981,13.25336
21-28 Feb 1981,13.27996
1-10 Mar 1981,14.66805
11-20 Mar 1981,13.50994
21-31 Mar 1981,13.98914
1-10 Apr 1981,13.15103
11-20 Apr 1981,14.43684
21-30 Apr 1981,13.85914
1-10 May 1981,14.01178
11-20 May 1981,13.42523
21-31 May 1981,13.53551
1-10 Jun 1981,13.30792
11-20 Jun 1981,11.12822
21-30 Jun 1981,12.24533
1-10 Jul 1981,11.99663
11-20 Jul 1981,13.4491
21-31 Jul 1981,12.79
1-10 Aug 1981,13.62003
11-20 Aug 1981,13.47952
21-31 Aug 1981,13.11555
1-10 Sep 1981,12.30761
11-20 Sep 1981,12.51867
21-30 Sep 1981,13.65066
1-10 Oct 1981,13.42679
11-20 Oct 1981,13.00317
21-31 Oct 1981,13.35946
1-10 Nov 1981,12.74338
11-20 Nov 1981,12.81759
21-30 Nov 1981,12.85178
1-10 Dec 1981,12.5136
11-20 Dec 1981,13.53248
21-31 Dec 1981,12.74855
1-10 Jan 1982,12.61579
11-20 Jan 1982,13.08313
21-31 Jan 1982,12.94467
1-10 Feb 1982,13.70157
11-20 Feb 1982,12.68556
21-28 Feb 1982,13.01543
1-10 Mar 1982,12.825
11-20 Mar 1982,12.84143
21-31 Mar 1982,12.86763
1-10 Apr 1982,13.35358
11-20 Apr 1982,13.9331
21-30 Apr 1982,13.19857
1-10 May 1982,13.43189
11-20 May 1982,13.15487
21-31 May 1982,12.78352
1-10 Jun 1982,12.40489
11-20 Jun 1982,12.55126
21-30 Jun 1982,12.23283
1-10 Jul 1982,11.64314
11-20 Jul 1982,11.19498
21-31 Jul 1982,11.98263
1-10 Aug 1982,12.75157
11-20 Aug 1982,12.45385
21-31 Aug 1982,12.53131
1-10 Sep 1982,12.58879
11-20 Sep 1982,12.90157
21-30 Sep 1982,12.6594
1-10 Oct 1982,12.36561
11-20 Oct 1982,13.41613
21-31 Oct 1982,13.11847
1-10 Nov 1982,13.35331
11-20 Nov 1982,13.71747
21-30 Nov 1982,13.68935
1-10 Dec 1982,13.54966
11-20 Dec 1982,13.12975
21-31 Dec 1982,13.75546
1-10 Jan 1983,13.6934
11-20 Jan 1983,14.42714
21-31 Jan 1983,13.92963
1-10 Feb 1983,14.10004
11-20 Feb 1983,14.81239
21-28 Feb 1983,14.40628
1-10 Mar 1983,14.48845
11-20 Mar 1983,14.91337
21-31 Mar 1983,15.0432
1-10 Apr 1983,14.01541
11-20 Apr 1983,14.04958
21-30 Apr 1983,14.38638
1-10 May 1983,14.51654
11-20 May 1983,14.41841
21-31 May 1983,13.70342
1-10 Jun 1983,12.93268
11-20 Jun 1983,13.54782
21-30 Jun 1983,13.36536
1-10 Jul 1983,13.48257
11-20 Jul 1983,14.40543
21-31 Jul 1983,14.61325
1-10 Aug 1983,14.25443
11-20 Aug 1983,14.07067
21-31 Aug 1983,13.28617
1-10 Sep 1983,14.04933
11-20 Sep 1983,14.06088
21-30 Sep 1983,13.31671
1-10 Oct 1983,14.3876
11-20 Oct 1983,13.99779
21-31 Oct 1983,13.70119
1-10 Nov 1983,13.93447
11-20 Nov 1983,13.50175
21-30 Nov 1983,13.38592
1-10 Dec 1983,12.79837
11-20 Dec 1983,12.99418
21-31 Dec 1983,13.69861
1-10 Jan 1984,13.64004
11-20 Jan 1984,12.97468
21-31 Jan 1984,13.26554
1-10 Feb 1984,12.1744
11-20 Feb 1984,12.26983
21-29 Feb 1984,12.4663
1-10 Mar 1984,13.20011
11-20 Mar 1984,13.18442
21-31 Mar 1984,12.74055
1-10 Apr 1984,12.86117
11-20 Apr 1984,13.75878
21-30 Apr 1984,14.22
1-10 May 1984,13.85051
11-20 May 1984,13.46761
21-31 May 1984,12.93014
1-10 Jun 1984,12.65812
11-20 Jun 1984,13.17206
21-30 Jun 1984,13.27337
1-10 Jul 1984,12.66952
11-20 Jul 1984,12.70825
21-31 Jul 1984,12.53481
1-10 Aug 1984,13.49376
11-20 Aug 1984,14.01094
21-31 Aug 1984,13.64216
1-10 Sep 1984,13.23243
11-20 Sep 1984,13.94998
21-30 Sep 1984,13.99534
1-10 Oct 1984,14.6056
11-20 Oct 1984,13.68698
21-31 Oct 1984,13.86787
1-10 Nov 1984,13.15556
11-20 Nov 1984,13.29942
21-30 Nov 1984,12.79389
1-10 Dec 1984,13.2401
11-20 Dec 1984,13.20037
21-31 Dec 1984,12.84697
1-10 Jan 1985,12.89189
11-20 Jan 1985,13.44227
21-31 Jan 1985,13.26534
1-10 Feb 1985,13.19999
11-20 Feb 1985,14.27158
21-28 Feb 1985,14.40209
1-10 Mar 1985,13.25741
11-20 Mar 1985,13.69682
21-31 Mar 1985,14.10255
1-10 Apr 1985,13.50346
11-20 Apr 1985,13.78367
21-30 Apr 1985,13.80523
1-10 May 1985,13.66632
11-20 May 1985,13.44032
21-31 May 1985,13.24761
1-10 Jun 1985,13.25472
11-20 Jun 1985,13.73434
21-30 Jun 1985,13.53369
1-10 Jul 1985,12.82165
11-20 Jul 1985,12.77861
21-31 Jul 1985,12.57077
1-10 Aug 1985,12.85956
11-20 Aug 1985,13.06119
21-31 Aug 1985,13.52285
1-10 Sep 1985,13.41937
11-20 Sep 1985,13.23955
21-30 Sep 1985,13.63025
1-10 Oct 1985,13.36919
11-20 Oct 1985,12.88689
21-31 Oct 1985,13.6093
1-10 Nov 1985,13.71571
11-20 Nov 1985,13.51617
21-30 Nov 1985,13.20348
1-10 Dec 1985,13.24679
11-20 Dec 1985,13.40623
21-31 Dec 1985,13.32522
1-10 Jan 1986,13.34871
11-20 Jan 1986,14.3751
21-31 Jan 1986,13.38817
1-10 Feb 1986,13.78576
11-20 Feb 1986,12.66379
21-28 Feb 1986,13.45288
1-10 Mar 1986,13.3138
11-20 Mar 1986,13.14522
21-31 Mar 1986,13.11787
1-10 Apr 1986,13.62169
11-20 Apr 1986,13.6704
21-30 Apr 1986,14.093
1-10 May 1986,13.83334
11-20 May 1986,13.11339
21-31 May 1986,13.22742
1-10 Jun 1986,12.93938
11-20 Jun 1986,13.89393
21-30 Jun 1986,13.79633
1-10 Jul 1986,12.17313
11-20 Jul 1986,12.40993
21-31 Jul 1986,12.47756
1-10 Aug 1986,12.79217
11-20 Aug 1986,13.04984
21-31 Aug 1986,13.41647
1-10 Sep 1986,13.03604
11-20 Sep 1986,13.36801
21-30 Sep 1986,13.47009
1-10 Oct 1986,13.43459
11-20 Oct 1986,14.03086
21-31 Oct 1986,13.82359
1-10 Nov 1986,13.37349
11-20 Nov 1986,12.89869
21-30 Nov 1986,13.30526
1-10 Dec 1986,13.35582
11-20 Dec 1986,12.9132
21-31 Dec 1986,13.55296
1-10 Jan 1987,13.28779
11-20 Jan 1987,14.26354
21-31 Jan 1987,13.89193
1-10 Feb 1987,13.65405
11-20 Feb 1987,13.68441
21-28 Feb 1987,13.47776
1-10 Mar 1987,14.22688
11-20 Mar 1987,14.04623
21-31 Mar 1987,13.82112
1-10 Apr 1987,13.77596
11-20 Apr 1987,14.0627
21-30 Apr 1987,13.82292
1-10 May 1987,13.86097
11-20 May 1987,13.69991
21-31 May 1987,13.92878
1-10 Jun 1987,13.68087
11-20 Jun 1987,13.59744
21-30 Jun 1987,13.52189
1-10 Jul 1987,13.57875
11-20 Jul 1987,12.99865
21-31 Jul 1987,13.87421
1-10 Aug 1987,13.1092
11-20 Aug 1987,13.51803
21-31 Aug 1987,13.55013
1-10 Sep 1987,13.18587
11-20 Sep 1987,13.68288
21-30 Sep 1987,13.585
1-10 Oct 1987,13.79331
11-20 Oct 1987,13.54324
21-31 Oct 1987,13.87795
1-10 Nov 1987,13.12324
11-20 Nov 1987,13.39983
21-30 Nov 1987,13.60769
1-10 Dec 1987,13.25172
11-20 Dec 1987,13.24918
21-31 Dec 1987,13.49698
1-10 Jan 1988,13.31367
11-20 Jan 1988,13.51473
21-31 Jan 1988,13.35422
1-10 Feb 1988,13.59727
11-20 Feb 1988,13.07023
21-29 Feb 1988,13.60365
1-10 Mar 1988,14.11511
11-20 Mar 1988,13.57302
21-31 Mar 1988,13.67746
1-10 Apr 1988,14.31647
11-20 Apr 1988,14.57273
21-30 Apr 1988,13.85594
1-10 May 1988,14.25206
11-20 May 1988,14.2577
21-31 May 1988,13.4229
1-10 Jun 1988,13.27811
11-20 Jun 1988,13.24374
21-30 Jun 1988,12.96001
1-10 Jul 1988,12.99476
11-20 Jul 1988,13.70977
21-31 Jul 1988,13.73529
1-10 Aug 1988,13.76893
11-20 Aug 1988,13.32368
21-31 Aug 1988,13.65398
1-10 Sep 1988,13.6521
11-20 Sep 1988,13.69741
21-30 Sep 1988,13.88732
1-10 Oct 1988,13.96816
11-20 Oct 1988,13.82828
21-31 Oct 1988,13.34541
1-10 Nov 1988,13.58619
11-20 Nov 1988,13.52909
21-30 Nov 1988,13.36329
1-10 Dec 1988,13.58592
11-20 Dec 1988,13.75612
21-31 Dec 1988,13.49305
1-10 Jan 1989,13.86336
11-20 Jan 1989,15.11441
21-31 Jan 1989,14.88656
1-10 Feb 1989,14.09188
11-20 Feb 1989,13.42835
21-28 Feb 1989,14.21216
1-10 Mar 1989,13.98611
11-20 Mar 1989,13.33137
21-31 Mar 1989,14.0132
1-10 Apr 1989,13.73367
11-20 Apr 1989,13.77942
21-30 Apr 1989,13.84291
1-10 May 1989,13.40529
11-20 May 1989,13.1901
21-31 May 1989,12.96341
1-10 Jun 1989,13.00008
11-20 Jun 1989,12.32632
21-30 Jun 1989,12.3275
1-10 Jul 1989,12.42687
11-20 Jul 1989,12.61404
21-31 Jul 1989,12.26494
1-10 Aug 1989,12.22855
11-20 Aug 1989,12.56823
21-31 Aug 1989,13.17153
1-10 Sep 1989,12.91521
11-20 Sep 1989,13.42243
21-30 Sep 1989,13.10845
1-10 Oct 1989,13.47005
11-20 Oct 1989,13.03442
21-31 Oct 1989,13.69332
1-10 Nov 1989,13.32143
11-20 Nov 1989,13.37918
21-30 Nov 1989,13.91347
1-10 Dec 1989,12.93268
11-20 Dec 1989,12.67182
21-31 Dec 1989,13.89781
1-10 Jan 1990,12.5699
11-20 Jan 1990,13.42529
21-31 Jan 1990,13.15661
1-10 Feb 1990,13.0784
11-20 Feb 1990,13.18247
21-28 Feb 1990,13.01209
1-10 Mar 1990,13.87225
11-20 Mar 1990,13.73515
21-31 Mar 1990,14.06335
1-10 Apr 1990,14.21875
11-20 Apr 1990,14.35483
21-30 Apr 1990,14.19682
1-10 May 1990,13.56543
11-20 May 1990,13.22004
21-31 May 1990,13.3985
1-10 Jun 1990,13.04084
11-20 Jun 1990,12.74381
21-30 Jun 1990,13.42861
1-10 Jul 1990,13.25238
11-20 Jul 1990,13.45311
21-31 Jul 1990,12.5506
1-10 Aug 1990,13.10375
11-20 Aug 1990,13.07081
21-31 Aug 1990,13.59859
1-10 Sep 1990,13.16757
11-20 Sep 1990,13.47851
21-30 Sep 1990,13.64398
1-10 Oct 1990,13.11002
11-20 Oct 1990,13.57675
21-31 Oct 1990,13.59131
1-10 Nov 1990,13.21806
11-20 Nov 1990,13.64495
21-30 Nov 1990,13.22313
1-10 Dec 1990,13.37217
11-20 Dec 1990,12.9211
21-31 Dec 1990,13.33256
1-10 Jan 1991,13.56286
11-20 Jan 1991,13.4775
21-31 Jan 1991,13.14371
1-10 Feb 1991,13.40706
11-20 Feb 1991,13.51302
21-28 Feb 1991,13.51674
1-10 Mar 1991,13.58408
11-20 Mar 1991,13.45515
21-31 Mar 1991,13.90877
1-10 Apr 1991,12.97905
11-20 Apr 1991,13.23721
21-30 Apr 1991,14.06967
1-10 May 1991,13.66414
11-20 May 1991,13.89093
21-31 May 1991,13.0922
1-10 Jun 1991,13.46846
11-20 Jun 1991,13.60306
21-30 Jun 1991,13.10765
1-10 Jul 1991,13.56896
11-20 Jul 1991,12.70205
21-31 Jul 1991,12.79588
1-10 Aug 1991,13.15782
11-20 Aug 1991,12.94633
21-31 Aug 1991,13.60641
1-10 Sep 1991,13.17781
11-20 Sep 1991,13.86926
21-30 Sep 1991,14.37688
1-10 Oct 1991,14.39996
11-20 Oct 1991,13.5653
21-31 Oct 1991,13.33353
1-10 Nov 1991,13.23988
11-20 Nov 1991,12.67283
21-30 Nov 1991,13.20058
1-10 Dec 1991,13.51637
11-20 Dec 1991,13.47923
21-31 Dec 1991,13.26477
1-10 Jan 1992,13.94892
11-20 Jan 1992,13.68206
21-31 Jan 1992,14.05657
1-10 Feb 1992,13.86287
11-20 Feb 1992,14.46772
21-29 Feb 1992,14.9904
1-10 Mar 1992,15.14746
11-20 Mar 1992,14.38142
21-31 Mar 1992,14.32238
1-10 Apr 1992,14.12558
11-20 Apr 1992,14.23181
21-30 Apr 1992,14.07079
1-10 May 1992,14.00521
11-20 May 1992,13.73272
21-31 May 1992,13.27938
1-10 Jun 1992,12.95994
11-20 Jun 1992,13.3912
21-30 Jun 1992,13.72798
1-10 Jul 1992,13.28668
11-20 Jul 1992,12.59337
21-31 Jul 1992,13.29244
1-10 Aug 1992,13.09344
11-20 Aug 1992,12.53027
21-31 Aug 1992,13.50011
1-10 Sep 1992,13.82833
11-20 Sep 1992,13.62859
21-30 Sep 1992,13.00047
1-10 Oct 1992,13.74419
11-20 Oct 1992,13.04581
21-31 Oct 1992,13.38555
1-10 Nov 1992,13.20902
11-20 Nov 1992,13.17792
21-30 Nov 1992,12.83158
1-10 Dec 1992,12.79026
11-20 Dec 1992,13.00292
21-31 Dec 1992,13.11887
1-10 Jan 1993,13.70899
11-20 Jan 1993,13.25845
21-31 Jan 1993,13.39737
1-10 Feb 1993,13.70993
11-20 Feb 1993,13.64037
21-28 Feb 1993,14.173
1-10 Mar 1993,14.55107
11-20 Mar 1993,13.89742
21-31 Mar 1993,13.28985
1-10 Apr 1993,13.96832
11-20 Apr 1993,14.89075
21-30 Apr 1993,14.52206
1-10 May 1993,14.5755
11-20 May 1993,14.40601
21-31 May 1993,13.84627
1-10 Jun 1993,14.19137
11-20 Jun 1993,13.68167
21-30 Jun 1993,13.43382
1-10 Jul 1993,12.7877
11-20 Jul 1993,12.8565
21-31 Jul 1993,13.06077
1-10 Aug 1993,13.33853
11-20 Aug 1993,13.08915
21-31 Aug 1993,13.43507
1-10 Sep 1993,13.59984
11-20 Sep 1993,14.44132
21-30 Sep 1993,14.40583
1-10 Oct 1993,14.41559
11-20 Oct 1993,14.25402
21-31 Oct 1993,14.43379
1-10 Nov 1993,14.0149
11-20 Nov 1993,13.41361
21-30 Nov 1993,13.41009
1-10 Dec 1993,13.13044
11-20 Dec 1993,13.38275
21-31 Dec 1993,13.44642
1-10 Jan 1994,14.52052
11-20 Jan 1994,14.23098
21-31 Jan 1994,14.06018
1-10 Feb 1994,14.74055
11-20 Feb 1994,14.56598
21-28 Feb 1994,14.13503
1-10 Mar 1994,14.20474
11-20 Mar 1994,13.6157
21-31 Mar 1994,13.81115
1-10 Apr 1994,14.22083
11-20 Apr 1994,14.52685
21-30 Apr 1994,13.97472
1-10 May 1994,14.28991
11-20 May 1994,14.10954
21-31 May 1994,14.60361
1-10 Jun 1994,13.79722
11-20 Jun 1994,14.4138
21-30 Jun 1994,13.70528
1-10 Jul 1994,13.37102
11-20 Jul 1994,13.13694
21-31 Jul 1994,13.36944
1-10 Aug 1994,13.1238
11-20 Aug 1994,13.99417
21-31 Aug 1994,14.24278
1-10 Sep 1994,14.22796
11-20 Sep 1994,14.74444
21-30 Sep 1994,14.60463
1-10 Oct 1994,14.66324
11-20 Oct 1994,13.99176
21-31 Oct 1994,13.84509
1-10 Nov 1994,13.12018
11-20 Nov 1994,12.94139
21-30 Nov 1994,13.73324
1-10 Dec 1994,13.06194
11-20 Dec 1994,13.41583
21-31 Dec 1994,13.87185
1-10 Jan 1995,14.14648
11-20 Jan 1995,13.79009
21-31 Jan 1995,14.06963
1-10 Feb 1995,13.70852
11-20 Feb 1995,13.07852
21-28 Feb 1995,13.34954
1-10 Mar 1995,14.01907
11-20 Mar 1995,14.2637
21-31 Mar 1995,13.82556
1-10 Apr 1995,14.64454
11-20 Apr 1995,14.41769
21-30 Apr 1995,13.81676
1-10 May 1995,14.55074
11-20 May 1995,14.81491
21-31 May 1995,13.24093
1-10 Jun 1995,14.0225
11-20 Jun 1995,13.92028
21-30 Jun 1995,13.84139
1-10 Jul 1995,13.79093
11-20 Jul 1995,13.15333
21-31 Jul 1995,13.17722
1-10 Aug 1995,13.59037
11-20 Aug 1995,13.51722
21-31 Aug 1995,14.47148
1-10 Sep 1995,14.38065
11-20 Sep 1995,13.2862
21-30 Sep 1995,14.02981
1-10 Oct 1995,13.71972
11-20 Oct 1995,13.65306
21-31 Oct 1995,13.81657
1-10 Nov 1995,13.69065
11-20 Nov 1995,13.3662
21-30 Nov 1995,13.69194
1-10 Dec 1995,13.05407
11-20 Dec 1995,13.1912
21-31 Dec 1995,12.99806
1-10 Jan 1996,13.19778
11-20 Jan 1996,13.79333
21-31 Jan 1996,13.5338
1-10 Feb 1996,13.56593
11-20 Feb 1996,13.0438
21-29 Feb 1996,13.35389
1-10 Mar 1996,14.43417
11-20 Mar 1996,13.73315
21-31 Mar 1996,13.34074
1-10 Apr 1996,13.795
11-20 Apr 1996,14.57518
21-30 Apr 1996,14.08731
1-10 May 1996,15.10481
11-20 May 1996,14.55602
21-31 May 1996,14.02426
1-10 Jun 1996,13.79
11-20 Jun 1996,13.54278
21-30 Jun 1996,13.43509
1-10 Jul 1996,13.5162
11-20 Jul 1996,12.91
21-31 Jul 1996,12.7025
1-10 Aug 1996,12.69287
11-20 Aug 1996,12.94917
21-31 Aug 1996,12.91796
1-10 Sep 1996,12.85972
11-20 Sep 1996,13.60519
21-30 Sep 1996,13.85324
1-10 Oct 1996,14.45333
11-20 Oct 1996,13.62694
21-31 Oct 1996,14.1362
1-10 Nov 1996,13.56685
11-20 Nov 1996,13.33926
21-30 Nov 1996,12.81889
1-10 Dec 1996,12.8962
11-20 Dec 1996,13.23667
21-31 Dec 1996,13.81843
1-10 Jan 1997,13.87176
11-20 Jan 1997,12.76917
21-31 Jan 1997,14.28787
1-10 Feb 1997,13.4466
11-20 Feb 1997,14.03449
21-28 Feb 1997,13.95042
1-10 Mar 1997,13.10504
11-20 Mar 1997,13.98355
21-31 Mar 1997,13.32357
1-10 Apr 1997,13.85872
11-20 Apr 1997,14.77401
21-30 Apr 1997,13.95368
1-10 May 1997,14.83005
11-20 May 1997,14.19072
21-31 May 1997,13.90651
1-10 Jun 1997,13.85759
11-20 Jun 1997,11.58642
21-30 Jun 1997,13.54324
1-10 Jul 1997,13.65496
11-20 Jul 1997,12.43668
21-31 Jul 1997,13.19383
1-10 Aug 1997,13.33667
11-20 Aug 1997,13.25491
21-31 Aug 1997,14.46222
1-10 Sep 1997,14.50167
11-20 Sep 1997,14.61593
21-30 Sep 1997,15.41102
1-10 Oct 1997,15.36741
11-20 Oct 1997,14.11546
21-31 Oct 1997,14.79111
1-10 Nov 1997,14.32963
11-20 Nov 1997,13.20954
21-30 Nov 1997,13.27259
1-10 Dec 1997,13.40028
11-20 Dec 1997,13.61833
21-31 Dec 1997,13.23398
1-10 Jan 1998,13.72546
11-20 Jan 1998,14.23018
21-31 Jan 1998,14.8412
1-10 Feb 1998,15.01857
11-20 Feb 1998,14.9199
21-28 Feb 1998,15.26076
1-10 Mar 1998,14.68714
11-20 Mar 1998,15.00825
21-31 Mar 1998,15.09237
1-10 Apr 1998,14.53439
11-20 Apr 1998,14.88863
21-30 Apr 1998,15.33313
1-10 May 1998,15.25529
11-20 May 1998,14.45662
21-31 May 1998,14.93758
1-10 Jun 1998,14.30492
11-20 Jun 1998,13.02888
21-30 Jun 1998,13.40295
1-10 Jul 1998,13.70405
11-20 Jul 1998,14.19076
21-31 Jul 1998,13.53882
1-10 Aug 1998,13.76455
11-20 Aug 1998,13.37192
21-31 Aug 1998,13.58207
1-10 Sep 1998,13.51861
11-20 Sep 1998,13.53115
21-30 Sep 1998,12.84489
1-10 Oct 1998,14.00601
11-20 Oct 1998,13.19348
21-31 Oct 1998,13.84225
1-10 Nov 1998,13.62299
11-20 Nov 1998,12.92228
21-30 Nov 1998,13.36413
1-10 Dec 1998,13.12923
11-20 Dec 1998,13.42327
21-31 Dec 1998,13.47114
1-10 Jan 1999,13.73739
11-20 Jan 1999,13.95397
21-31 Jan 1999,13.39565
1-10 Feb 1999,13.91544
11-20 Feb 1999,14.22256
21-28 Feb 1999,14.40819
1-10 Mar 1999,13.33993
11-20 Mar 1999,14.00455
21-31 Mar 1999,13.7305
1-10 Apr 1999,13.386
11-20 Apr 1999,13.93326
21-30 Apr 1999,14.00322
1-10 May 1999,13.33811
11-20 May 1999,13.69036
21-31 May 1999,13.48071
1-10 Jun 1999,13.32419
11-20 Jun 1999,13.04358
21-30 Jun 1999,13.51939
1-10 Jul 1999,12.51476
11-20 Jul 1999,12.91024
21-31 Jul 1999,13.74505
1-10 Aug 1999,14.36484
11-20 Aug 1999,13.80478
21-31 Aug 1999,13.59679
1-10 Sep 1999,13.38229
11-20 Sep 1999,13.4902
21-30 Sep 1999,13.84958
1-10 Oct 1999,14.4997
11-20 Oct 1999,13.13152
21-31 Oct 1999,13.76507
1-10 Nov 1999,13.18506
11-20 Nov 1999,13.81736
21-30 Nov 1999,13.22877
1-10 Dec 1999,13.05592
11-20 Dec 1999,13.65998
21-31 Dec 1999,14.39982
1-10 Jan 2000,13.6524
11-20 Jan 2000,13.66508
21-31 Jan 2000,12.82118
1-10 Feb 2000,13.93397
11-20 Feb 2000,14.32112
21-29 Feb 2000,14.75975
1-10 Mar 2000,14.21327
11-20 Mar 2000,13.80544
21-31 Mar 2000,14.00659
1-10 Apr 2000,13.20001
11-20 Apr 2000,13.98782
21-30 Apr 2000,13.55574
1-10 May 2000,14.10275
11-20 May 2000,14.46993
21-31 May 2000,13.75608
1-10 Jun 2000,13.50634
11-20 Jun 2000,12.59729
21-30 Jun 2000,14.3544
1-10 Jul 2000,13.78036
11-20 Jul 2000,13.96337
21-31 Jul 2000,13.84225
1-10 Aug 2000,14.96683
11-20 Aug 2000,14.8324
21-31 Aug 2000,14.65928
1-10 Sep 2000,14.24318
11-20 Sep 2000,14.53742
21-30 Sep 2000,13.83411
1-10 Oct 2000,13.24831
11-20 Oct 2000,13.35774
21-31 Oct 2000,14.26748
1-10 Nov 2000,14.04636
11-20 Nov 2000,13.80766
21-30 Nov 2000,13.81964
1-10 Dec 2000,14.05214
11-20 Dec 2000,14.00388
21-31 Dec 2000,13.99055
1-10 Jan 2001,13.33796
11-20 Jan 2001,13.01657
21-31 Jan 2001,12.91954
1-10 Feb 2001,13.51593
11-20 Feb 2001,13.2588
21-28 Feb 2001,12.96935
1-10 Mar 2001,14.00991
11-20 Mar 2001,13.0212
21-31 Mar 2001,13.49148
1-10 Apr 2001,13.74315
11-20 Apr 2001,14.5987
21-30 Apr 2001,14.38824
1-10 May 2001,14.60991
11-20 May 2001,14.62278
21-31 May 2001,13.41593
1-10 Jun 2001,12.75731
11-20 Jun 2001,12.80343
21-30 Jun 2001,13.40222
1-10 Jul 2001,12.98796
11-20 Jul 2001,12.67417
21-31 Jul 2001,12.61
1-10 Aug 2001,13.18241
11-20 Aug 2001,13.37481
21-31 Aug 2001,13.72019
1-10 Sep 2001,14.35691
11-20 Sep 2001,14.61797
21-30 Sep 2001,13.53287
1-10 Oct 2001,14.5112
11-20 Oct 2001,13.88
21-31 Oct 2001,14.28472
1-10 Nov 2001,14.06454
11-20 Nov 2001,13.34056
21-30 Nov 2001,13.75528
1-10 Dec 2001,13.07583
11-20 Dec 2001,13.62111
21-31 Dec 2001,14.22963
1-10 Jan 2002,13.6225
11-20 Jan 2002,12.81685
21-31 Jan 2002,13.63065
1-10 Feb 2002,14.37427
11-20 Feb 2002,14.18699
21-28 Feb 2002,14.49042
1-10 Mar 2002,14.13353
11-20 Mar 2002,14.64184
21-31 Mar 2002,13.40173
1-10 Apr 2002,13.98318
11-20 Apr 2002,14.4509
21-30 Apr 2002,14.35655
1-10 May 2002,14.80081
11-20 May 2002,14.70006
21-31 May 2002,14.72283
1-10 Jun 2002,13.5431
11-20 Jun 2002,14.11595
21-30 Jun 2002,15.4337
1-10 Jul 2002,15.02019
11-20 Jul 2002,15.64676
21-31 Jul 2002,14.77123
1-10 Aug 2002,14.9441
11-20 Aug 2002,15.18093
21-31 Aug 2002,15.73605
1-10 Sep 2002,15.06585
11-20 Sep 2002,14.8336
21-30 Sep 2002,15.09498
1-10 Oct 2002,14.11724
11-20 Oct 2002,15.34651
21-31 Oct 2002,14.87353
1-10 Nov 2002,13.93923
11-20 Nov 2002,14.60018
21-30 Nov 2002,14.29041
1-10 Dec 2002,14.43447
11-20 Dec 2002,14.16001
21-31 Dec 2002,14.59198
1-10 Jan 2003,14.92123
11-20 Jan 2003,14.42572
21-31 Jan 2003,13.70287
1-10 Feb 2003,14.26991
11-20 Feb 2003,14.90764
21-28 Feb 2003,14.39753
1-10 Mar 2003,14.52117
11-20 Mar 2003,14.58647
21-31 Mar 2003,14.52504
1-10 Apr 2003,14.42131
11-20 Apr 2003,15.03694
21-30 Apr 2003,14.11116
1-10 May 2003,14.92103
11-20 May 2003,13.98668
21-31 May 2003,14.43746
1-10 Jun 2003,14.50135
11-20 Jun 2003,13.65673
21-30 Jun 2003,14.36604
1-10 Jul 2003,14.08318
11-20 Jul 2003,13.67037
21-31 Jul 2003,14.08033
1-10 Aug 2003,13.64346
11-20 Aug 2003,14.84277
21-31 Aug 2003,14.25427
1-10 Sep 2003,14.36744
11-20 Sep 2003,14.38922
21-30 Sep 2003,13.8057
1-10 Oct 2003,15.54105
11-20 Oct 2003,14.53294
21-31 Oct 2003,14.4835
1-10 Nov 2003,14.21054
11-20 Nov 2003,14.03862
21-30 Nov 2003,14.01781
1-10 Dec 2003,13.95381
11-20 Dec 2003,14.20943
21-31 Dec 2003,13.81322
1-10 Jan 2004,14.46553
11-20 Jan 2004,15.34688
21-31 Jan 2004,13.82677
1-10 Feb 2004,14.78477
11-20 Feb 2004,14.34843
21-29 Feb 2004,15.06296
1-10 Mar 2004,15.52226
11-20 Mar 2004,14.3808
21-31 Mar 2004,15.19936
1-10 Apr 2004,14.7175
11-20 Apr 2004,15.04364
21-30 Apr 2004,13.83723
1-10 May 2004,15.46955
11-20 May 2004,15.31996
21-31 May 2004,13.36749
1-10 Jun 2004,13.61716
11-20 Jun 2004,13.92805
21-30 Jun 2004,13.28628
1-10 Jul 2004,12.32444
11-20 Jul 2004,13.77855
21-31 Jul 2004,14.65518
1-10 Aug 2004,15.11075
11-20 Aug 2004,14.50147
21-31 Aug 2004,14.74885
1-10 Sep 2004,14.45266
11-20 Sep 2004,14.82259
21-30 Sep 2004,14.11848
1-10 Oct 2004,13.16515
11-20 Oct 2004,12.94554
21-31 Oct 2004,12.85942
1-10 Nov 2004,14.15409
11-20 Nov 2004,13.79136
21-30 Nov 2004,13.74203
1-10 Dec 2004,13.47758
11-20 Dec 2004,13.49719
21-31 Dec 2004,13.17544
1-10 Jan 2005,14.48757
11-20 Jan 2005,13.92443
21-31 Jan 2005,14.21095
1-10 Feb 2005,12.96383
11-20 Feb 2005,13.85164
21-28 Feb 2005,14.7925
1-10 Mar 2005,14.71035
11-20 Mar 2005,14.64748
21-31 Mar 2005,14.36171
1-10 Apr 2005,13.36278
11-20 Apr 2005,13.58273
21-30 Apr 2005,13.55615
1-10 May 2005,13.00654
11-20 May 2005,13.28093
21-31 May 2005,12.67526
1-10 Jun 2005,13.01803
11-20 Jun 2005,12.83685
21-30 Jun 2005,12.65306
1-10 Jul 2005,12.60226
11-20 Jul 2005,12.9285
21-31 Jul 2005,14.21158
1-10 Aug 2005,13.36892
11-20 Aug 2005,13.00556
21-31 Aug 2005,12.52371
1-10 Sep 2005,13.1244
11-20 Sep 2005,13.82254
21-30 Sep 2005,12.85938
1-10 Oct 2005,12.73574
11-20 Oct 2005,12.81299
21-31 Oct 2005,12.93476
1-10 Nov 2005,12.16244
11-20 Nov 2005,12.55713
21-30 Nov 2005,12.54582
1-10 Dec 2005,13.26179
11-20 Dec 2005,13.6665
21-31 Dec 2005,14.37515
1-10 Jan 2006,15.02653
11-20 Jan 2006,14.23004
21-31 Jan 2006,14.00389
1-10 Feb 2006,15.14475
11-20 Feb 2006,14.29462
21-28 Feb 2006,14.81992
1-10 Mar 2006,15.33696
11-20 Mar 2006,13.59049
21-31 Mar 2006,13.92204
1-10 Apr 2006,14.13281
11-20 Apr 2006,14.19279
21-30 Apr 2006,13.9861
1-10 May 2006,14.93712
11-20 May 2006,14.97246
21-31 May 2006,13.95682
1-10 Jun 2006,13.52027
11-20 Jun 2006,13.37157
21-30 Jun 2006,13.87284
1-10 Jul 2006,14.62884
11-20 Jul 2006,14.44177
21-31 Jul 2006,14.24665
1-10 Aug 2006,14.94761
11-20 Aug 2006,13.64816
21-31 Aug 2006,14.33232
1-10 Sep 2006,13.53964
11-20 Sep 2006,14.51596
21-30 Sep 2006,14.29413
1-10 Oct 2006,15.12748
11-20 Oct 2006,15.52114
21-31 Oct 2006,15.20441
1-10 Nov 2006,15.21621
11-20 Nov 2006,14.22933
21-30 Nov 2006,15.05662
1-10 Dec 2006,14.66007
11-20 Dec 2006,15.33846
21-31 Dec 2006,15.79409
1-10 Jan 2007,14.8746
11-20 Jan 2007,15.57844
21-31 Jan 2007,15.3606
1-10 Feb 2007,15.64886
11-20 Feb 2007,14.89785
21-28 Feb 2007,14.88717
1-10 Mar 2007,14.89897
11-20 Mar 2007,14.63805
21-31 Mar 2007,14.25893
1-10 Apr 2007,14.51128
11-20 Apr 2007,15.83151
21-30 Apr 2007,14.63785
1-10 May 2007,14.78159
11-20 May 2007,15.18942
21-31 May 2007,14.91028
1-10 Jun 2007,14.66254
11-20 Jun 2007,14.01981
21-30 Jun 2007,15.00621
1-10 Jul 2007,15.08242
11-20 Jul 2007,13.81981
21-31 Jul 2007,14.11362
1-10 Aug 2007,14.50271
11-20 Aug 2007,14.20259
21-31 Aug 2007,13.47583
1-10 Sep 2007,13.48994
11-20 Sep 2007,14.74051
21-30 Sep 2007,14.35976
1-10 Oct 2007,14.75049
11-20 Oct 2007,14.00911
21-31 Oct 2007,13.73165
1-10 Nov 2007,13.71722
11-20 Nov 2007,14.37094
21-30 Nov 2007,13.9909
1-10 Dec 2007,14.26879
11-20 Dec 2007,13.36436
21-31 Dec 2007,14.09078
1-10 Jan 2008,13.98119
11-20 Jan 2008,13.53515
21-31 Jan 2008,14.41508
1-10 Feb 2008,14.05069
11-20 Feb 2008,14.46472
21-29 Feb 2008,14.16029
1-10 Mar 2008,13.45367
11-20 Mar 2008,13.70685
21-31 Mar 2008,13.92404
1-10 Apr 2008,13.99286
11-20 Apr 2008,13.74614
21-30 Apr 2008,14.33633
1-10 May 2008,13.88874
11-20 May 2008,13.9431
21-31 May 2008,14.05357
1-10 Jun 2008,13.57733
11-20 Jun 2008,13.50945
21-30 Jun 2008,13.62314
1-10 Jul 2008,13.55054
11-20 Jul 2008,13.64596
21-31 Jul 2008,14.22833
1-10 Aug 2008,15.01809
11-20 Aug 2008,14.49851
21-31 Aug 2008,14.72113
1-10 Sep 2008,15.19318
11-20 Sep 2008,14.9988
21-30 Sep 2008,14.27934
1-10 Oct 2008,14.33791
11-20 Oct 2008,14.38092
21-31 Oct 2008,15.18621
1-10 Nov 2008,14.87467
11-20 Nov 2008,13.90981
21-30 Nov 2008,14.83301
1-10 Dec 2008,14.47173
11-20 Dec 2008,14.46677
21-31 Dec 2008,14.55571
1-10 Jan 2009,14.46435
11-20 Jan 2009,14.3394
21-31 Jan 2009,13.89605
1-10 Feb 2009,14.3368
11-20 Feb 2009,13.91902
21-28 Feb 2009,14.26893
1-10 Mar 2009,14.43192
11-20 Mar 2009,14.98447
21-31 Mar 2009,14.60831
1-10 Apr 2009,14.33347
11-20 Apr 2009,14.14549
21-30 Apr 2009,14.95596
1-10 May 2009,14.39835
11-20 May 2009,13.93806
21-31 May 2009,15.27835
1-10 Jun 2009,14.30042
11-20 Jun 2009,13.336
21-30 Jun 2009,13.83104
1-10 Jul 2009,13.38045
11-20 Jul 2009,13.49006
21-31 Jul 2009,14.04442
1-10 Aug 2009,15.48244
11-20 Aug 2009,15.20383
21-31 Aug 2009,14.77777
1-10 Sep 2009,14.56651
11-20 Sep 2009,14.9495
21-30 Sep 2009,14.46263
1-10 Oct 2009,15.01979
11-20 Oct 2009,14.90506
21-31 Oct 2009,15.24573
1-10 Nov 2009,14.29605
11-20 Nov 2009,14.50797
21-30 Nov 2009,13.64086
1-10 Dec 2009,13.78056
11-20 Dec 2009,14.02743
21-31 Dec 2009,14.60683
1-10 Jan 2010,14.70197
11-20 Jan 2010,14.45779
21-31 Jan 2010,13.60195
1-10 Feb 2010,14.95158
11-20 Feb 2010,15.20406
21-28 Feb 2010,15.45513
1-10 Mar 2010,15.26862
11-20 Mar 2010,15.01233
21-31 Mar 2010,14.8581
1-10 Apr 2010,14.68536
11-20 Apr 2010,15.14932
21-30 Apr 2010,15.33043
1-10 May 2010,15.40559
11-20 May 2010,15.32282
21-31 May 2010,14.52537
1-10 Jun 2010,14.54024
11-20 Jun 2010,14.02417
21-30 Jun 2010,13.96129
1-10 Jul 2010,12.69402
11-20 Jul 2010,12.73239
21-31 Jul 2010,13.38481
1-10 Aug 2010,13.04476
11-20 Aug 2010,13.00811
21-31 Aug 2010,14.38615
1-10 Sep 2010,14.39704
11-20 Sep 2010,14.16343
21-30 Sep 2010,13.35881
1-10 Oct 2010,13.83924
11-20 Oct 2010,13.96754
21-31 Oct 2010,13.95465
1-10 Nov 2010,14.02758
11-20 Nov 2010,14.1797
21-30 Nov 2010,13.23743
1-10 Dec 2010,13.59544
11-20 Dec 2010,12.98421
21-31 Dec 2010,13.46495
1-10 Jan 2011,13.00745
11-20 Jan 2011,14.16927
21-31 Jan 2011,13.61502
1-10 Feb 2011,13.02305
11-20 Feb 2011,14.49024
21-28 Feb 2011,13.34547
1-10 Mar 2011,14.14536
11-20 Mar 2011,14.00985
21-31 Mar 2011,13.69731
1-10 Apr 2011,13.32326
11-20 Apr 2011,13.95045
21-30 Apr 2011,13.68901
1-10 May 2011,14.20593
11-20 May 2011,13.95652
21-31 May 2011,13.58139
1-10 Jun 2011,13.00343
11-20 Jun 2011,13.6394
21-30 Jun 2011,13.48467
1-10 Jul 2011,12.92305
11-20 Jul 2011,12.49904
21-31 Jul 2011,13.72855
1-10 Aug 2011,13.6932
11-20 Aug 2011,13.41263
21-31 Aug 2011,14.04913
1-10 Sep 2011,13.80578
11-20 Sep 2011,13.80029
21-30 Sep 2011,13.61326
1-10 Oct 2011,14.14907
11-20 Oct 2011,14.10752
21-31 Oct 2011,13.87695
1-10 Nov 2011,13.77573
11-20 Nov 2011,13.94563
21-30 Nov 2011,13.90729
1-10 Dec 2011,14.28081
11-20 Dec 2011,13.57218
21-31 Dec 2011,14.01124
1-10 Jan 2012,13.90597
11-20 Jan 2012,13.90142
21-31 Jan 2012,13.58862
1-10 Feb 2012,13.31337
11-20 Feb 2012,14.16739
21-29 Feb 2012,13.38985
1-10 Mar 2012,14.18927
11-20 Mar 2012,14.08132
21-31 Mar 2012,14.26204
1-10 Apr 2012,14.85912
11-20 Apr 2012,14.55179
21-30 Apr 2012,14.29971
1-10 May 2012,14.28358
11-20 May 2012,13.8287
21-31 May 2012,13.6145
1-10 Jun 2012,14.54463
11-20 Jun 2012,14.04991
21-30 Jun 2012,13.05254
1-10 Jul 2012,12.43526
11-20 Jul 2012,13.2937
21-31 Jul 2012,14.4368
1-10 Aug 2012,13.66452
11-20 Aug 2012,13.76775
21-31 Aug 2012,14.10376
1-10 Sep 2012,14.06763
11-20 Sep 2012,14.04293
21-30 Sep 2012,13.64434
1-10 Oct 2012,14.18184
11-20 Oct 2012,14.46525
21-31 Oct 2012,14.56755
1-10 Nov 2012,13.76386
11-20 Nov 2012,13.69705
21-30 Nov 2012,13.86278
1-10 Dec 2012,13.43821
11-20 Dec 2012,13.15356
21-31 Dec 2012,13.75498
1-10 Jan 2013,13.96596
11-20 Jan 2013,13.87479
21-31 Jan 2013,14.38786
1-10 Feb 2013,14.09138
11-20 Feb 2013,13.85532
21-28 Feb 2013,13.98806
1-10 Mar 2013,14.37266
11-20 Mar 2013,14.41513
21-31 Mar 2013,13.80075
1-10 Apr 2013,14.57007
11-20 Apr 2013,14.70374
21-30 Apr 2013,14.3076
1-10 May 2013,14.73515
11-20 May 2013,13.23334
21-31 May 2013,13.78902
1-10 Jun 2013,12.94187
11-20 Jun 2013,13.68786
21-30 Jun 2013,14.00927
1-10 Jul 2013,12.99487
11-20 Jul 2013,13.00569
21-31 Jul 2013,13.4098
1-10 Aug 2013,13.61949
11-20 Aug 2013,14.56423
21-31 Aug 2013,13.54572
1-10 Sep 2013,13.23234
11-20 Sep 2013,13.96837
21-30 Sep 2013,15.00003
1-10 Oct 2013,14.70283
11-20 Oct 2013,13.85618
21-31 Oct 2013,13.8635
1-10 Nov 2013,14.49108
11-20 Nov 2013,14.27432
21-30 Nov 2013,13.52474
1-10 Dec 2013,14.40612
11-20 Dec 2013,14.2164
21-31 Dec 2013,14.70887
1-10 Jan 2014,14.20492
11-20 Jan 2014,14.71514
21-31 Jan 2014,14.73579
1-10 Feb 2014,14.94588
11-20 Feb 2014,14.95443
21-28 Feb 2014,14.76425
1-10 Mar 2014,14.57543
11-20 Mar 2014,13.33711
21-31 Mar 2014,14.11041
1-10 Apr 2014,13.56275
11-20 Apr 2014,14.13973
21-30 Apr 2014,13.2277
1-10 May 2014,14.6351
11-20 May 2014,13.18795
21-31 May 2014,13.54329
1-10 Jun 2014,13.79859
11-20 Jun 2014,13.64154
21-30 Jun 2014,13.41445
1-10 Jul 2014,12.44169
11-20 Jul 2014,13.04
21-31 Jul 2014,14.12182
1-10 Aug 2014,14.07994
11-20 Aug 2014,13.7936
21-31 Aug 2014,14.23536
1-10 Sep 2014,13.80725
11-20 Sep 2014,13.60189
21-30 Sep 2014,13.46929
1-10 Oct 2014,13.7301
11-20 Oct 2014,14.35851
21-31 Oct 2014,13.97221
1-10 Nov 2014,13.10865
11-20 Nov 2014,13.63299
21-30 Nov 2014,13.14036
1-10 Dec 2014,13.66495
11-20 Dec 2014,13.67884
21-31 Dec 2014,14.60553
1-10 Jan 2015,14.8884
11-20 Jan 2015,15.35366
21-31 Jan 2015,15.59337
1-10 Feb 2015,16.00729
11-20 Feb 2015,16.1641
21-28 Feb 2015,15.934
1-10 Mar 2015,15.95007
11-20 Mar 2015,17.21845
21-31 Mar 2015,16.21944
1-10 Apr 2015,15.48113
11-20 Apr 2015,15.32065
21-30 Apr 2015,15.13333
1-10 May 2015,15.61803
11-20 May 2015,15.91792
21-31 May 2015,15.79985
1-10 Jun 2015,15.93824
11-20 Jun 2015,15.66238
21-30 Jun 2015,15.8237
1-10 Jul 2015,15.78613
11-20 Jul 2015,15.06854
21-31 Jul 2015,15.44878
1-10 Aug 2015,15.63813
11-20 Aug 2015,15.77266
21-31 Aug 2015,15.57614
1-10 Sep 2015,16.11924
11-20 Sep 2015,15.86428
21-30 Sep 2015,15.68139
1-10 Oct 2015,16.0615
11-20 Oct 2015,15.52521
21-31 Oct 2015,15.09815
1-10 Nov 2015,14.76363
11-20 Nov 2015,15.05609
21-30 Nov 2015,15.08882
1-10 Dec 2015,15.01546
11-20 Dec 2015,14.79935
21-31 Dec 2015,15.12799
1-10 Jan 2016,16.48968
11-20 Jan 2016,15.75472
21-31 Jan 2016,15.52178
1-10 Feb 2016,16.33523
11-20 Feb 2016,16.82789
21-29 Feb 2016,16.98745
1-10 Mar 2016,17.18201
11-20 Mar 2016,16.73546
21-31 Mar 2016,17.34508
1-10 Apr 2016,16.32745
11-20 Apr 2016,16.11426
21-30 Apr 2016,16.15595
1-10 May 2016,15.75676
11-20 May 2016,15.51102
21-31 May 2016,15.58197
1-10 Jun 2016,15.45428
11-20 Jun 2016,15.16586
21-30 Jun 2016,14.46623
1-10 Jul 2016,14.3475
11-20 Jul 2016,14.95076
21-31 Jul 2016,15.31902
1-10 Aug 2016,15.41799
11-20 Aug 2016,15.53676
21-31 Aug 2016,15.50282
1-10 Sep 2016,16.08593
11-20 Sep 2016,15.86873
21-30 Sep 2016,16.39387
1-10 Oct 2016,15.685
11-20 Oct 2016,16.18769
21-31 Oct 2016,15.75924
1-10 Nov 2016,15.36333
11-20 Nov 2016,15.36153
21-30 Nov 2016,15.73331
1-10 Dec 2016,15.08519
11-20 Dec 2016,14.62949
21-31 Dec 2016,15.79667
