crop,window_id,window_label,simulation_run,sim_cycle_rain_mm,sim_mean_tmax_c,rain_sufficient,estab_dry_spell,temp_stress
maize,25,1-10 Sep,0,387.6,22.75,1,0,0
maize,25,1-10 Sep,1,464.9,23.27,1,0,0
maize,25,1-10 Sep,2,402.7,23.6,1,0,0
maize,25,1-10 Sep,3,414.4,23.59,1,0,0
maize,25,1-10 Sep,4,369.8,23.24,1,0,0
maize,25,1-10 Sep,5,418.1,23.17,1,0,0
maize,25,1-10 Sep,6,344.3,22.6,1,0,0
maize,25,1-10 Sep,7,414.6,22.32,1,0,0
maize,25,1-10 Sep,8,413.0,23.59,1,0,0
maize,25,1-10 Sep,9,412.8,22.43,1,0,0
maize,25,1-10 Sep,10,465.1,23.29,1,0,0
maize,25,1-10 Sep,11,362.5,23.16,1,0,0
maize,25,1-10 Sep,12,354.3,22.94,1,0,0
maize,25,1-10 Sep,13,428.3,23.26,1,0,0
maize,25,1-10 Sep,14,403.4,23.04,1,0,0
maize,25,1-10 Sep,15,370.2,23.06,1,0,0
maize,25,1-10 Sep,16,434.7,22.54,1,0,0
maize,25,1-10 Sep,17,350.9,23.06,1,1,0
maize,25,1-10 Sep,18,413.5,22.76,1,0,0
maize,25,1-10 Sep,19,400.9,22.93,1,0,0
maize,25,1-10 Sep,20,389.0,23.4,1,0,0
maize,25,1-10 Sep,21,361.7,23.47,1,0,0
maize,25,1-10 Sep,22,312.1,23.06,0,0,0
maize,25,1-10 Sep,23,427.0,23.69,1,0,0
maize,25,1-10 Sep,24,405.5,23.27,1,0,0
maize,25,1-10 Sep,25,421.5,23.07,1,0,0
maize,25,1-10 Sep,26,382.4,22.99,1,1,0
maize,25,1-10 Sep,27,367.9,22.77,1,0,0
maize,25,1-10 Sep,28,419.7,23.12,1,0,0
maize,25,1-10 Sep,29,397.8,23.28,1,0,0
maize,25,1-10 Sep,30,367.8,23.5,1,1,0
maize,25,1-10 Sep,31,411.2,22.56,1,0,0
maize,25,1-10 Sep,32,398.0,22.76,1,0,0
maize,25,1-10 Sep,33,457.6,23.22,1,0,0
maize,25,1-10 Sep,34,437.9,23.66,1,0,0
maize,25,1-10 Sep,35,424.3,23.08,1,0,0
maize,25,1-10 Sep,36,380.1,23.11,1,0,0
maize,25,1-10 Sep,37,341.0,23.39,1,0,0
maize,25,1-10 Sep,38,441.5,23.22,1,0,0
maize,25,1-10 Sep,39,423.3,22.82,1,0,0
maize,25,1-10 Sep,40,367.7,22.87,1,0,0
maize,25,1-10 Sep,41,392.1,23.14,1,0,0
maize,25,1-10 Sep,42,394.8,22.95,1,0,0
maize,25,1-10 Sep,43,357.0,22.84,1,0,0
maize,25,1-10 Sep,44,437.4,23.11,1,0,0
maize,25,1-10 Sep,45,422.9,22.76,1,0,0
maize,25,1-10 Sep,46,374.3,23.03,1,0,0
maize,25,1-10 Sep,47,452.1,22.72,1,0,0
maize,25,1-10 Sep,48,409.7,23.18,1,0,0
maize,25,1-10 Sep,49,430.0,23.07,1,0,0
maize,25,1-10 Sep,50,404.0,22.65,1,0,0
maize,25,1-10 Sep,51,393.7,22.84,1,0,0
maize,25,1-10 Sep,52,441.4,23.03,1,0,0
maize,25,1-10 Sep,53,394.8,22.84,1,0,0
maize,25,1-10 Sep,54,439.0,23.13,1,0,0
maize,25,1-10 Sep,55,387.2,22.67,1,0,0
maize,25,1-10 Sep,56,375.7,23.2,1,0,0
maize,25,1-10 Sep,57,407.6,23.08,1,0,0
maize,25,1-10 Sep,58,371.8,22.99,1,0,0
maize,25,1-10 Sep,59,417.5,22.95,1,0,0
maize,25,1-10 Sep,60,410.7,22.73,1,0,0
maize,25,1-10 Sep,61,326.6,23.35,0,0,0
maize,25,1-10 Sep,62,438.9,23.43,1,0,0
maize,25,1-10 Sep,63,390.4,22.82,1,0,0
maize,25,1-10 Sep,64,439.8,23.43,1,0,0
maize,25,1-10 Sep,65,409.4,23.32,1,0,0
maize,25,1-10 Sep,66,371.5,23.23,1,0,0
maize,25,1-10 Sep,67,372.3,22.85,1,0,0
maize,25,1-10 Sep,68,384.8,22.67,1,0,0
maize,25,1-10 Sep,69,399.7,23.02,1,0,0
maize,25,1-10 Sep,70,386.2,22.79,1,0,0
maize,25,1-10 Sep,71,403.4,23.16,1,0,0
maize,25,1-10 Sep,72,398.1,23.51,1,0,0
maize,25,1-10 Sep,73,453.3,23.13,1,0,0
maize,25,1-10 Sep,74,402.9,23.16,1,0,0
maize,25,1-10 Sep,75,398.2,23.28,1,0,0
maize,25,1-10 Sep,76,411.1,22.77,1,0,0
maize,25,1-10 Sep,77,358.4,23.6,1,0,0
maize,25,1-10 Sep,78,420.4,22.98,1,0,0
maize,25,1-10 Sep,79,390.8,23.06,1,0,0
maize,25,1-10 Sep,80,368.4,23.62,1,1,0
maize,25,1-10 Sep,81,426.4,23.15,1,0,0
maize,25,1-10 Sep,82,419.6,23.34,1,0,0
maize,25,1-10 Sep,83,389.2,23.16,1,0,0
maize,25,1-10 Sep,84,423.1,23.2,1,0,0
maize,25,1-10 Sep,85,357.1,23.76,1,0,0
maize,25,1-10 Sep,86,378.4,23.61,1,0,0
maize,25,1-10 Sep,87,405.4,22.8,1,0,0
maize,25,1-10 Sep,88,414.6,22.83,1,0,0
maize,25,1-10 Sep,89,408.8,23.32,1,0,0
maize,25,1-10 Sep,90,451.1,22.92,1,0,0
maize,25,1-10 Sep,91,373.0,22.69,1,1,0
maize,25,1-10 Sep,92,444.1,23.19,1,0,0
maize,25,1-10 Sep,93,493.9,23.23,1,0,0
maize,25,1-10 Sep,94,432.4,22.75,1,0,0
maize,25,1-10 Sep,95,353.3,23.17,1,0,0
maize,25,1-10 Sep,96,439.0,23.04,1,0,0
maize,25,1-10 Sep,97,475.6,23.5,1,0,0
maize,25,1-10 Sep,98,409.3,22.4,1,0,0
maize,25,1-10 Sep,99,401.2,23.36,1,0,0
maize,26,11-20 Sep,0,403.4,22.89,1,0,0
maize,26,11-20 Sep,1,417.0,23.19,1,1,0
maize,26,11-20 Sep,2,341.6,22.49,1,0,0
maize,26,11-20 Sep,3,408.4,23.29,1,0,0
maize,26,11-20 Sep,4,378.7,22.84,1,0,0
maize,26,11-20 Sep,5,378.1,23.44,1,0,0
maize,26,11-20 Sep,6,369.4,22.95,1,0,0
maize,26,11-20 Sep,7,360.3,22.86,1,0,0
maize,26,11-20 Sep,8,425.6,22.5,1,0,0
maize,26,11-20 Sep,9,417.2,22.59,1,0,0
maize,26,11-20 Sep,10,363.1,23.38,1,0,0
maize,26,11-20 Sep,11,390.0,23.79,1,0,0
maize,26,11-20 Sep,12,363.4,23.22,1,0,0
maize,26,11-20 Sep,13,369.3,22.58,1,0,0
maize,26,11-20 Sep,14,354.0,22.93,1,0,0
maize,26,11-20 Sep,15,379.5,23.09,1,0,0
maize,26,11-20 Sep,16,396.0,23.33,1,0,0
maize,26,11-20 Sep,17,405.9,22.89,1,0,0
maize,26,11-20 Sep,18,418.6,22.54,1,0,0
maize,26,11-20 Sep,19,351.2,23.17,1,0,0
maize,26,11-20 Sep,20,362.5,23.26,1,0,0
maize,26,11-20 Sep,21,416.7,23.5,1,0,0
maize,26,11-20 Sep,22,382.6,23.06,1,0,0
maize,26,11-20 Sep,23,371.6,22.79,1,0,0
maize,26,11-20 Sep,24,391.3,23.03,1,0,0
maize,26,11-20 Sep,25,393.7,23.24,1,0,0
maize,26,11-20 Sep,26,302.7,23.76,0,1,0
maize,26,11-20 Sep,27,389.0,22.94,1,0,0
maize,26,11-20 Sep,28,423.9,22.69,1,0,0
maize,26,11-20 Sep,29,358.9,23.14,1,0,0
maize,26,11-20 Sep,30,377.2,23.24,1,0,0
maize,26,11-20 Sep,31,421.6,23.45,1,0,0
maize,26,11-20 Sep,32,381.7,23.2,1,0,0
maize,26,11-20 Sep,33,424.0,23.1,1,0,0
maize,26,11-20 Sep,34,381.9,23.12,1,0,0
maize,26,11-20 Sep,35,394.3,23.25,1,0,0
maize,26,11-20 Sep,36,354.9,23.31,1,0,0
maize,26,11-20 Sep,37,353.8,23.35,1,1,0
maize,26,11-20 Sep,38,374.8,23.13,1,0,0
maize,26,11-20 Sep,39,387.9,23.26,1,0,0
maize,26,11-20 Sep,40,381.0,23.52,1,0,0
maize,26,11-20 Sep,41,431.4,23.35,1,0,0
maize,26,11-20 Sep,42,376.4,23.13,1,0,0
maize,26,11-20 Sep,43,391.2,23.24,1,0,0
maize,26,11-20 Sep,44,388.6,23.11,1,0,0
maize,26,11-20 Sep,45,360.7,23.07,1,0,0
maize,26,11-20 Sep,46,386.3,23.35,1,0,0
maize,26,11-20 Sep,47,313.3,23.03,0,1,0
maize,26,11-20 Sep,48,364.9,22.81,1,0,0
maize,26,11-20 Sep,49,308.1,22.6,0,1,0
maize,26,11-20 Sep,50,349.3,23.4,1,0,0
maize,26,11-20 Sep,51,356.7,23.69,1,0,0
maize,26,11-20 Sep,52,344.3,23.86,1,0,0
maize,26,11-20 Sep,53,415.9,23.13,1,0,0
maize,26,11-20 Sep,54,419.7,23.38,1,0,0
maize,26,11-20 Sep,55,398.8,22.75,1,0,0
maize,26,11-20 Sep,56,368.2,23.2,1,0,0
maize,26,11-20 Sep,57,430.6,22.99,1,0,0
maize,26,11-20 Sep,58,333.0,23.14,1,0,0
maize,26,11-20 Sep,59,384.0,22.9,1,0,0
maize,26,11-20 Sep,60,411.0,23.04,1,0,0
maize,26,11-20 Sep,61,369.6,22.73,1,1,0
maize,26,11-20 Sep,62,375.6,22.45,1,0,0
maize,26,11-20 Sep,63,418.5,22.9,1,0,0
maize,26,11-20 Sep,64,422.8,22.72,1,0,0
maize,26,11-20 Sep,65,384.4,22.85,1,1,0
maize,26,11-20 Sep,66,337.0,23.69,1,0,0
maize,26,11-20 Sep,67,399.0,22.82,1,0,0
maize,26,11-20 Sep,68,324.6,23.4,0,0,0
maize,26,11-20 Sep,69,350.6,23.36,1,0,0
maize,26,11-20 Sep,70,394.3,22.48,1,0,0
maize,26,11-20 Sep,71,362.6,22.95,1,1,0
maize,26,11-20 Sep,72,414.6,22.89,1,0,0
maize,26,11-20 Sep,73,398.7,23.08,1,0,0
maize,26,11-20 Sep,74,449.3,23.15,1,0,0
maize,26,11-20 Sep,75,395.3,23.38,1,0,0
maize,26,11-20 Sep,76,381.5,23.29,1,0,0
maize,26,11-20 Sep,77,369.9,23.13,1,0,0
maize,26,11-20 Sep,78,379.1,22.92,1,0,0
maize,26,11-20 Sep,79,333.4,22.9,1,0,0
maize,26,11-20 Sep,80,416.7,23.57,1,0,0
maize,26,11-20 Sep,81,385.3,23.87,1,0,0
maize,26,11-20 Sep,82,405.5,23.51,1,0,0
maize,26,11-20 Sep,83,393.5,23.24,1,0,0
maize,26,11-20 Sep,84,368.4,23.4,1,0,0
maize,26,11-20 Sep,85,368.1,23.38,1,0,0
maize,26,11-20 Sep,86,393.4,23.51,1,0,0
maize,26,11-20 Sep,87,407.1,22.86,1,0,0
maize,26,11-20 Sep,88,393.7,23.68,1,0,0
maize,26,11-20 Sep,89,376.0,23.11,1,0,0
maize,26,11-20 Sep,90,363.1,22.89,1,0,0
maize,26,11-20 Sep,91,386.8,23.57,1,0,0
maize,26,11-20 Sep,92,360.4,23.49,1,0,0
maize,26,11-20 Sep,93,337.4,23.1,1,0,0
maize,26,11-20 Sep,94,372.3,22.83,1,1,0
maize,26,11-20 Sep,95,430.5,23.28,1,0,0
maize,26,11-20 Sep,96,379.1,23.17,1,0,0
maize,26,11-20 Sep,97,403.4,22.77,1,0,0
maize,26,11-20 Sep,98,393.0,23.08,1,0,0
maize,26,11-20 Sep,99,366.0,22.96,1,0,0
maize,27,21-30 Sep,0,341.6,23.0,1,0,0
maize,27,21-30 Sep,1,364.9,22.69,1,0,0
maize,27,21-30 Sep,2,360.9,23.17,1,0,0
maize,27,21-30 Sep,3,369.0,22.92,1,0,0
maize,27,21-30 Sep,4,375.0,23.6,1,0,0
maize,27,21-30 Sep,5,375.3,23.06,1,0,0
maize,27,21-30 Sep,6,352.5,23.35,1,0,0
maize,27,21-30 Sep,7,393.0,23.14,1,0,0
maize,27,21-30 Sep,8,396.4,22.55,1,0,0
maize,27,21-30 Sep,9,373.2,23.22,1,0,0
maize,27,21-30 Sep,10,363.8,23.42,1,0,0
maize,27,21-30 Sep,11,374.7,23.24,1,0,0
maize,27,21-30 Sep,12,360.3,22.89,1,0,0
maize,27,21-30 Sep,13,403.1,23.44,1,0,0
maize,27,21-30 Sep,14,317.5,23.21,0,0,0
maize,27,21-30 Sep,15,390.6,22.7,1,0,0
maize,27,21-30 Sep,16,346.3,23.23,1,0,0
maize,27,21-30 Sep,17,366.5,23.83,1,0,0
maize,27,21-30 Sep,18,407.9,23.53,1,0,0
maize,27,21-30 Sep,19,347.0,23.46,1,0,0
maize,27,21-30 Sep,20,388.5,23.55,1,0,0
maize,27,21-30 Sep,21,359.6,23.06,1,0,0
maize,27,21-30 Sep,22,352.5,23.18,1,0,0
maize,27,21-30 Sep,23,352.9,23.19,1,0,0
maize,27,21-30 Sep,24,354.2,22.86,1,0,0
maize,27,21-30 Sep,25,392.7,23.32,1,0,0
maize,27,21-30 Sep,26,302.5,22.74,0,1,0
maize,27,21-30 Sep,27,311.8,22.62,0,0,0
maize,27,21-30 Sep,28,359.0,23.47,1,0,0
maize,27,21-30 Sep,29,403.6,23.43,1,0,0
maize,27,21-30 Sep,30,447.5,23.55,1,0,0
maize,27,21-30 Sep,31,367.4,22.66,1,0,0
maize,27,21-30 Sep,32,405.6,23.34,1,0,0
maize,27,21-30 Sep,33,347.9,23.74,1,0,0
maize,27,21-30 Sep,34,387.3,23.26,1,0,0
maize,27,21-30 Sep,35,340.9,23.07,1,0,0
maize,27,21-30 Sep,36,351.7,22.95,1,0,0
maize,27,21-30 Sep,37,379.0,23.06,1,0,0
maize,27,21-30 Sep,38,335.9,23.6,1,0,0
maize,27,21-30 Sep,39,343.8,23.76,1,0,0
maize,27,21-30 Sep,40,322.7,22.81,0,0,0
maize,27,21-30 Sep,41,353.9,22.54,1,0,0
maize,27,21-30 Sep,42,363.7,23.46,1,1,0
maize,27,21-30 Sep,43,346.3,22.84,1,0,0
maize,27,21-30 Sep,44,347.3,22.73,1,0,0
maize,27,21-30 Sep,45,345.3,23.54,1,0,0
maize,27,21-30 Sep,46,376.8,22.64,1,0,0
maize,27,21-30 Sep,47,383.7,23.39,1,0,0
maize,27,21-30 Sep,48,386.3,22.91,1,0,0
maize,27,21-30 Sep,49,361.5,22.96,1,1,0
maize,27,21-30 Sep,50,384.8,23.59,1,0,0
maize,27,21-30 Sep,51,381.7,22.97,1,0,0
maize,27,21-30 Sep,52,313.3,23.08,0,0,0
maize,27,21-30 Sep,53,358.2,23.49,1,0,0
maize,27,21-30 Sep,54,334.9,23.22,1,0,0
maize,27,21-30 Sep,55,365.3,23.45,1,0,0
maize,27,21-30 Sep,56,318.3,23.09,0,0,0
maize,27,21-30 Sep,57,395.5,22.88,1,0,0
maize,27,21-30 Sep,58,325.8,22.99,0,0,0
maize,27,21-30 Sep,59,311.5,23.35,0,1,0
maize,27,21-30 Sep,60,357.7,23.25,1,0,0
maize,27,21-30 Sep,61,404.2,22.86,1,0,0
maize,27,21-30 Sep,62,354.5,23.26,1,0,0
maize,27,21-30 Sep,63,353.6,22.67,1,0,0
maize,27,21-30 Sep,64,398.7,23.01,1,0,0
maize,27,21-30 Sep,65,322.5,23.31,0,0,0
maize,27,21-30 Sep,66,402.5,23.32,1,0,0
maize,27,21-30 Sep,67,309.8,23.74,0,0,0
maize,27,21-30 Sep,68,391.5,23.15,1,0,0
maize,27,21-30 Sep,69,395.0,23.49,1,0,0
maize,27,21-30 Sep,70,365.1,23.77,1,0,0
maize,27,21-30 Sep,71,343.0,23.85,1,0,0
maize,27,21-30 Sep,72,350.8,22.98,1,0,0
maize,27,21-30 Sep,73,372.1,23.52,1,0,0
maize,27,21-30 Sep,74,409.1,23.46,1,0,0
maize,27,21-30 Sep,75,388.6,23.17,1,0,0
maize,27,21-30 Sep,76,394.2,23.3,1,0,0
maize,27,21-30 Sep,77,357.8,23.56,1,0,0
maize,27,21-30 Sep,78,375.3,23.34,1,0,0
maize,27,21-30 Sep,79,280.0,23.25,0,1,0
maize,27,21-30 Sep,80,333.4,22.65,1,0,0
maize,27,21-30 Sep,81,378.6,23.84,1,0,0
maize,27,21-30 Sep,82,366.7,23.06,1,0,0
maize,27,21-30 Sep,83,346.9,23.64,1,0,0
maize,27,21-30 Sep,84,376.1,22.98,1,0,0
maize,27,21-30 Sep,85,366.1,22.48,1,0,0
maize,27,21-30 Sep,86,436.3,22.86,1,0,0
maize,27,21-30 Sep,87,387.6,23.15,1,0,0
maize,27,21-30 Sep,88,450.8,23.73,1,0,0
maize,27,21-30 Sep,89,361.6,23.6,1,0,0
maize,27,21-30 Sep,90,344.4,23.11,1,0,0
maize,27,21-30 Sep,91,392.1,22.99,1,0,0
maize,27,21-30 Sep,92,396.5,23.19,1,0,0
maize,27,21-30 Sep,93,365.1,23.2,1,0,0
maize,27,21-30 Sep,94,368.4,22.7,1,0,0
maize,27,21-30 Sep,95,419.2,22.74,1,0,0
maize,27,21-30 Sep,96,331.5,23.16,1,0,0
maize,27,21-30 Sep,97,368.7,23.04,1,0,0
maize,27,21-30 Sep,98,297.2,23.15,0,0,0
maize,27,21-30 Sep,99,374.0,22.92,1,0,0
maize,28,1-10 Oct,0,322.8,23.19,0,0,0
maize,28,1-10 Oct,1,380.6,23.39,1,0,0
maize,28,1-10 Oct,2,341.8,23.22,1,0,0
maize,28,1-10 Oct,3,369.0,23.25,1,0,0
maize,28,1-10 Oct,4,349.1,23.05,1,0,0
maize,28,1-10 Oct,5,368.3,23.24,1,0,0
maize,28,1-10 Oct,6,363.2,23.1,1,0,0
maize,28,1-10 Oct,7,393.9,23.36,1,0,0
maize,28,1-10 Oct,8,349.9,22.79,1,0,0
maize,28,1-10 Oct,9,434.8,23.23,1,0,0
maize,28,1-10 Oct,10,377.2,22.92,1,0,0
maize,28,1-10 Oct,11,382.9,23.29,1,0,0
maize,28,1-10 Oct,12,334.0,23.19,1,0,0
maize,28,1-10 Oct,13,382.3,22.83,1,0,0
maize,28,1-10 Oct,14,382.8,23.21,1,0,0
maize,28,1-10 Oct,15,424.4,23.6,1,0,0
maize,28,1-10 Oct,16,291.2,23.56,0,0,0
maize,28,1-10 Oct,17,311.1,23.06,0,0,0
maize,28,1-10 Oct,18,360.9,23.24,1,0,0
maize,28,1-10 Oct,19,358.5,22.83,1,0,0
maize,28,1-10 Oct,20,349.0,22.92,1,0,0
maize,28,1-10 Oct,21,397.5,23.79,1,0,0
maize,28,1-10 Oct,22,330.6,23.08,1,0,0
maize,28,1-10 Oct,23,336.0,23.44,1,0,0
maize,28,1-10 Oct,24,329.7,23.7,0,0,0
maize,28,1-10 Oct,25,315.3,23.27,0,0,0
maize,28,1-10 Oct,26,339.4,23.53,1,0,0
maize,28,1-10 Oct,27,325.4,23.4,0,0,0
maize,28,1-10 Oct,28,346.6,23.8,1,0,0
maize,28,1-10 Oct,29,358.9,23.78,1,0,0
maize,28,1-10 Oct,30,346.6,23.07,1,0,0
maize,28,1-10 Oct,31,363.3,23.35,1,0,0
maize,28,1-10 Oct,32,390.6,23.05,1,0,0
maize,28,1-10 Oct,33,356.0,23.56,1,0,0
maize,28,1-10 Oct,34,277.0,23.0,0,0,0
maize,28,1-10 Oct,35,315.5,22.95,0,0,0
maize,28,1-10 Oct,36,310.1,23.2,0,0,0
maize,28,1-10 Oct,37,356.1,23.2,1,0,0
maize,28,1-10 Oct,38,322.7,23.3,0,1,0
maize,28,1-10 Oct,39,390.0,23.27,1,0,0
maize,28,1-10 Oct,40,374.5,23.47,1,0,0
maize,28,1-10 Oct,41,375.0,23.58,1,0,0
maize,28,1-10 Oct,42,366.4,23.22,1,0,0
maize,28,1-10 Oct,43,395.9,23.26,1,0,0
maize,28,1-10 Oct,44,338.2,23.28,1,0,0
maize,28,1-10 Oct,45,329.4,23.17,0,0,0
maize,28,1-10 Oct,46,290.5,23.46,0,0,0
maize,28,1-10 Oct,47,348.0,23.2,1,0,0
maize,28,1-10 Oct,48,396.6,22.9,1,0,0
maize,28,1-10 Oct,49,349.2,23.24,1,0,0
maize,28,1-10 Oct,50,328.5,23.23,0,0,0
maize,28,1-10 Oct,51,425.3,23.15,1,0,0
maize,28,1-10 Oct,52,382.0,23.31,1,0,0
maize,28,1-10 Oct,53,370.9,23.26,1,0,0
maize,28,1-10 Oct,54,356.1,22.47,1,0,0
maize,28,1-10 Oct,55,334.5,23.45,1,0,0
maize,28,1-10 Oct,56,337.3,23.22,1,0,0
maize,28,1-10 Oct,57,349.2,23.01,1,0,0
maize,28,1-10 Oct,58,365.5,23.48,1,0,0
maize,28,1-10 Oct,59,386.2,23.4,1,0,0
maize,28,1-10 Oct,60,311.9,23.0,0,0,0
maize,28,1-10 Oct,61,294.2,22.81,0,0,0
maize,28,1-10 Oct,62,368.1,23.06,1,0,0
maize,28,1-10 Oct,63,365.0,23.05,1,0,0
maize,28,1-10 Oct,64,391.5,23.83,1,0,0
maize,28,1-10 Oct,65,341.1,22.82,1,0,0
maize,28,1-10 Oct,66,316.8,23.53,0,0,0
maize,28,1-10 Oct,67,359.4,23.63,1,0,0
maize,28,1-10 Oct,68,354.8,22.93,1,0,0
maize,28,1-10 Oct,69,350.7,23.21,1,0,0
maize,28,1-10 Oct,70,337.3,23.14,1,0,0
maize,28,1-10 Oct,71,288.4,23.17,0,0,0
maize,28,1-10 Oct,72,342.7,23.03,1,0,0
maize,28,1-10 Oct,73,316.4,22.83,0,0,0
maize,28,1-10 Oct,74,322.2,23.21,0,0,0
maize,28,1-10 Oct,75,310.3,23.96,0,0,0
maize,28,1-10 Oct,76,361.1,23.2,1,0,0
maize,28,1-10 Oct,77,373.0,23.29,1,0,0
maize,28,1-10 Oct,78,346.5,23.44,1,0,0
maize,28,1-10 Oct,79,352.4,22.97,1,0,0
maize,28,1-10 Oct,80,384.8,23.38,1,0,0
maize,28,1-10 Oct,81,347.9,22.96,1,0,0
maize,28,1-10 Oct,82,340.3,23.18,1,0,0
maize,28,1-10 Oct,83,360.2,23.12,1,0,0
maize,28,1-10 Oct,84,315.4,22.81,0,0,0
maize,28,1-10 Oct,85,375.6,23.39,1,0,0
maize,28,1-10 Oct,86,346.9,23.41,1,0,0
maize,28,1-10 Oct,87,381.9,23.29,1,0,0
maize,28,1-10 Oct,88,369.4,23.34,1,0,0
maize,28,1-10 Oct,89,350.1,23.29,1,0,0
maize,28,1-10 Oct,90,329.7,22.88,0,0,0
maize,28,1-10 Oct,91,332.4,23.82,1,0,0
maize,28,1-10 Oct,92,357.8,23.31,1,0,0
maize,28,1-10 Oct,93,385.2,23.33,1,0,0
maize,28,1-10 Oct,94,336.2,23.49,1,0,0
maize,28,1-10 Oct,95,342.1,23.44,1,0,0
maize,28,1-10 Oct,96,337.6,23.29,1,0,0
maize,28,1-10 Oct,97,323.6,23.35,0,0,0
maize,28,1-10 Oct,98,405.0,23.49,1,0,0
maize,28,1-10 Oct,99,331.2,23.15,1,0,0
maize,29,11-20 Oct,0,393.0,23.85,1,0,0
maize,29,11-20 Oct,1,321.5,23.21,0,0,0
maize,29,11-20 Oct,2,352.3,23.93,1,0,0
maize,29,11-20 Oct,3,318.5,22.95,0,0,0
maize,29,11-20 Oct,4,379.2,22.74,1,0,0
maize,29,11-20 Oct,5,335.3,23.6,1,0,0
maize,29,11-20 Oct,6,326.9,22.55,0,0,0
maize,29,11-20 Oct,7,395.4,23.12,1,0,0
maize,29,11-20 Oct,8,333.1,23.35,1,0,0
maize,29,11-20 Oct,9,301.7,23.34,0,0,0
maize,29,11-20 Oct,10,373.6,23.01,1,0,0
maize,29,11-20 Oct,11,322.8,22.82,0,0,0
maize,29,11-20 Oct,12,285.0,23.61,0,0,0
maize,29,11-20 Oct,13,301.2,22.78,0,0,0
maize,29,11-20 Oct,14,394.0,23.36,1,0,0
maize,29,11-20 Oct,15,304.9,24.29,0,0,0
maize,29,11-20 Oct,16,332.8,23.35,1,0,0
maize,29,11-20 Oct,17,359.8,23.65,1,0,0
maize,29,11-20 Oct,18,299.7,23.2,0,0,0
maize,29,11-20 Oct,19,323.6,22.63,0,0,0
maize,29,11-20 Oct,20,351.2,23.18,1,0,0
maize,29,11-20 Oct,21,360.0,23.3,1,0,0
maize,29,11-20 Oct,22,402.1,22.9,1,0,0
maize,29,11-20 Oct,23,325.6,23.62,0,0,0
maize,29,11-20 Oct,24,414.5,23.1,1,0,0
maize,29,11-20 Oct,25,390.5,23.33,1,0,0
maize,29,11-20 Oct,26,390.4,23.28,1,0,0
maize,29,11-20 Oct,27,289.2,22.8,0,0,0
maize,29,11-20 Oct,28,377.6,23.78,1,0,0
maize,29,11-20 Oct,29,323.4,22.96,0,0,0
maize,29,11-20 Oct,30,359.1,23.3,1,0,0
maize,29,11-20 Oct,31,279.6,23.27,0,0,0
maize,29,11-20 Oct,32,340.2,23.19,1,0,0
maize,29,11-20 Oct,33,348.9,23.05,1,0,0
maize,29,11-20 Oct,34,296.3,23.6,0,0,0
maize,29,11-20 Oct,35,318.1,22.67,0,0,0
maize,29,11-20 Oct,36,331.3,22.98,1,0,0
maize,29,11-20 Oct,37,335.5,23.19,1,0,0
maize,29,11-20 Oct,38,370.1,23.58,1,0,0
maize,29,11-20 Oct,39,325.1,23.28,0,0,0
maize,29,11-20 Oct,40,377.4,22.78,1,0,0
maize,29,11-20 Oct,41,354.7,23.27,1,0,0
maize,29,11-20 Oct,42,360.6,23.19,1,0,0
maize,29,11-20 Oct,43,277.6,23.31,0,0,0
maize,29,11-20 Oct,44,301.0,23.32,0,0,0
maize,29,11-20 Oct,45,371.3,23.16,1,0,0
maize,29,11-20 Oct,46,321.4,22.31,0,0,0
maize,29,11-20 Oct,47,316.6,23.56,0,0,0
maize,29,11-20 Oct,48,324.0,23.19,0,0,0
maize,29,11-20 Oct,49,295.3,23.28,0,0,0
maize,29,11-20 Oct,50,273.4,23.62,0,0,0
maize,29,11-20 Oct,51,291.9,23.16,0,0,0
maize,29,11-20 Oct,52,368.9,23.46,1,0,0
maize,29,11-20 Oct,53,284.1,23.66,0,0,0
maize,29,11-20 Oct,54,346.7,22.38,1,0,0
maize,29,11-20 Oct,55,320.6,23.0,0,0,0
maize,29,11-20 Oct,56,308.2,22.73,0,0,0
maize,29,11-20 Oct,57,319.1,23.34,0,0,0
maize,29,11-20 Oct,58,326.6,23.13,0,0,0
maize,29,11-20 Oct,59,381.0,22.62,1,0,0
maize,29,11-20 Oct,60,284.0,23.32,0,0,0
maize,29,11-20 Oct,61,321.7,23.26,0,0,0
maize,29,11-20 Oct,62,389.7,23.18,1,0,0
maize,29,11-20 Oct,63,277.3,23.12,0,0,0
maize,29,11-20 Oct,64,329.6,24.16,0,0,0
maize,29,11-20 Oct,65,396.6,23.46,1,0,0
maize,29,11-20 Oct,66,385.0,22.97,1,0,0
maize,29,11-20 Oct,67,358.8,23.24,1,0,0
maize,29,11-20 Oct,68,357.9,22.51,1,0,0
maize,29,11-20 Oct,69,327.2,23.28,0,0,0
maize,29,11-20 Oct,70,329.5,23.05,0,0,0
maize,29,11-20 Oct,71,391.3,23.15,1,0,0
maize,29,11-20 Oct,72,365.6,23.59,1,0,0
maize,29,11-20 Oct,73,322.6,23.06,0,0,0
maize,29,11-20 Oct,74,299.6,23.59,0,0,0
maize,29,11-20 Oct,75,297.4,23.36,0,0,0
maize,29,11-20 Oct,76,380.5,23.43,1,0,0
maize,29,11-20 Oct,77,338.6,23.64,1,0,0
maize,29,11-20 Oct,78,369.4,23.18,1,0,0
maize,29,11-20 Oct,79,323.9,22.57,0,0,0
maize,29,11-20 Oct,80,340.9,22.77,1,0,0
maize,29,11-20 Oct,81,335.9,22.93,1,0,0
maize,29,11-20 Oct,82,338.3,23.53,1,0,0
maize,29,11-20 Oct,83,359.6,23.29,1,0,0
maize,29,11-20 Oct,84,343.8,23.07,1,0,0
maize,29,11-20 Oct,85,288.8,23.51,0,0,0
maize,29,11-20 Oct,86,353.5,23.66,1,0,0
maize,29,11-20 Oct,87,333.0,23.38,1,0,0
maize,29,11-20 Oct,88,306.2,22.41,0,0,0
maize,29,11-20 Oct,89,303.5,23.12,0,0,0
maize,29,11-20 Oct,90,346.7,23.12,1,0,0
maize,29,11-20 Oct,91,381.5,22.78,1,0,0
maize,29,11-20 Oct,92,288.2,23.64,0,0,0
maize,29,11-20 Oct,93,306.4,23.72,0,0,0
maize,29,11-20 Oct,94,366.9,23.26,1,0,0
maize,29,11-20 Oct,95,361.0,23.07,1,0,0
maize,29,11-20 Oct,96,372.1,23.43,1,0,0
maize,29,11-20 Oct,97,410.8,23.43,1,0,0
maize,29,11-20 Oct,98,331.8,23.9,1,0,0
maize,29,11-20 Oct,99,392.4,23.26,1,0,0
maize,30,21-31 Oct,0,268.8,23.16,0,0,0
maize,30,21-31 Oct,1,353.5,22.73,1,0,0
maize,30,21-31 Oct,2,316.5,23.28,0,0,0
maize,30,21-31 Oct,3,406.6,23.35,1,0,0
maize,30,21-31 Oct,4,319.1,23.63,0,0,0
maize,30,21-31 Oct,5,329.4,23.35,0,0,0
maize,30,21-31 Oct,6,276.5,22.94,0,0,0
maize,30,21-31 Oct,7,363.3,23.38,1,0,0
maize,30,21-31 Oct,8,250.7,23.02,0,0,0
maize,30,21-31 Oct,9,288.7,23.72,0,0,0
maize,30,21-31 Oct,10,255.9,23.21,0,0,0
maize,30,21-31 Oct,11,301.3,22.99,0,0,0
maize,30,21-31 Oct,12,246.3,23.62,0,0,0
maize,30,21-31 Oct,13,374.7,23.16,1,0,0
maize,30,21-31 Oct,14,339.2,22.74,1,0,0
maize,30,21-31 Oct,15,361.9,22.9,1,0,0
maize,30,21-31 Oct,16,329.5,23.09,0,0,0
maize,30,21-31 Oct,17,338.0,23.09,1,0,0
maize,30,21-31 Oct,18,294.4,23.32,0,0,0
maize,30,21-31 Oct,19,313.8,23.42,0,0,0
maize,30,21-31 Oct,20,361.2,23.03,1,0,0
maize,30,21-31 Oct,21,309.6,23.06,0,0,0
maize,30,21-31 Oct,22,265.1,23.34,0,0,0
maize,30,21-31 Oct,23,324.7,23.13,0,0,0
maize,30,21-31 Oct,24,309.0,22.63,0,0,0
maize,30,21-31 Oct,25,319.3,23.47,0,0,0
maize,30,21-31 Oct,26,312.9,23.38,0,0,0
maize,30,21-31 Oct,27,294.5,22.88,0,0,0
maize,30,21-31 Oct,28,307.0,22.99,0,0,0
maize,30,21-31 Oct,29,303.9,23.28,0,0,0
maize,30,21-31 Oct,30,325.3,23.25,0,0,0
maize,30,21-31 Oct,31,299.9,23.01,0,0,0
maize,30,21-31 Oct,32,340.1,23.5,1,0,0
maize,30,21-31 Oct,33,368.8,23.15,1,0,0
maize,30,21-31 Oct,34,306.3,23.25,0,0,0
maize,30,21-31 Oct,35,301.1,23.48,0,0,0
maize,30,21-31 Oct,36,318.8,23.45,0,0,0
maize,30,21-31 Oct,37,272.1,23.4,0,0,0
maize,30,21-31 Oct,38,297.1,23.46,0,0,0
maize,30,21-31 Oct,39,329.8,23.73,0,0,0
maize,30,21-31 Oct,40,291.0,23.22,0,0,0
maize,30,21-31 Oct,41,348.9,23.35,1,0,0
maize,30,21-31 Oct,42,269.9,22.9,0,0,0
maize,30,21-31 Oct,43,326.4,23.36,0,0,0
maize,30,21-31 Oct,44,326.0,23.39,0,0,0
maize,30,21-31 Oct,45,317.9,23.2,0,0,0
maize,30,21-31 Oct,46,304.9,22.85,0,0,0
maize,30,21-31 Oct,47,368.5,23.06,1,0,0
maize,30,21-31 Oct,48,274.7,22.79,0,0,0
maize,30,21-31 Oct,49,324.8,23.15,0,0,0
maize,30,21-31 Oct,50,315.2,23.25,0,0,0
maize,30,21-31 Oct,51,321.4,22.96,0,0,0
maize,30,21-31 Oct,52,316.3,23.07,0,0,0
maize,30,21-31 Oct,53,329.1,23.51,0,0,0
maize,30,21-31 Oct,54,347.5,23.65,1,0,0
maize,30,21-31 Oct,55,279.7,22.67,0,0,0
maize,30,21-31 Oct,56,312.9,22.35,0,0,0
maize,30,21-31 Oct,57,283.5,22.89,0,0,0
maize,30,21-31 Oct,58,333.6,23.4,1,0,0
maize,30,21-31 Oct,59,348.6,22.77,1,0,0
maize,30,21-31 Oct,60,337.9,23.42,1,0,0
maize,30,21-31 Oct,61,296.8,22.61,0,0,0
maize,30,21-31 Oct,62,274.4,23.03,0,0,0
maize,30,21-31 Oct,63,299.6,22.96,0,0,0
maize,30,21-31 Oct,64,340.6,22.91,1,0,0
maize,30,21-31 Oct,65,389.7,23.32,1,0,0
maize,30,21-31 Oct,66,283.7,23.43,0,0,0
maize,30,21-31 Oct,67,369.5,23.0,1,0,0
maize,30,21-31 Oct,68,306.5,23.33,0,0,0
maize,30,21-31 Oct,69,298.8,23.45,0,0,0
maize,30,21-31 Oct,70,289.1,22.84,0,0,0
maize,30,21-31 Oct,71,324.1,23.9,0,0,0
maize,30,21-31 Oct,72,339.7,22.63,1,0,0
maize,30,21-31 Oct,73,287.7,22.71,0,0,0
maize,30,21-31 Oct,74,312.9,22.89,0,0,0
maize,30,21-31 Oct,75,330.8,23.57,1,0,0
maize,30,21-31 Oct,76,346.0,22.99,1,0,0
maize,30,21-31 Oct,77,263.2,23.07,0,0,0
maize,30,21-31 Oct,78,319.6,23.39,0,0,0
maize,30,21-31 Oct,79,297.7,23.33,0,0,0
maize,30,21-31 Oct,80,359.3,22.9,1,0,0
maize,30,21-31 Oct,81,300.4,23.12,0,0,0
maize,30,21-31 Oct,82,328.4,22.83,0,0,0
maize,30,21-31 Oct,83,314.2,23.39,0,0,0
maize,30,21-31 Oct,84,354.0,23.04,1,0,0
maize,30,21-31 Oct,85,275.3,23.65,0,0,0
maize,30,21-31 Oct,86,338.1,23.21,1,0,0
maize,30,21-31 Oct,87,284.1,23.22,0,0,0
maize,30,21-31 Oct,88,336.1,23.1,1,0,0
maize,30,21-31 Oct,89,291.4,22.98,0,0,0
maize,30,21-31 Oct,90,338.4,22.84,1,0,0
maize,30,21-31 Oct,91,359.7,23.73,1,0,0
maize,30,21-31 Oct,92,304.6,23.32,0,0,0
maize,30,21-31 Oct,93,302.8,23.33,0,0,0
maize,30,21-31 Oct,94,285.8,23.24,0,0,0
maize,30,21-31 Oct,95,296.8,23.48,0,0,0
maize,30,21-31 Oct,96,326.2,22.92,0,0,0
maize,30,21-31 Oct,97,334.3,23.08,1,0,0
maize,30,21-31 Oct,98,308.1,23.71,0,0,0
maize,30,21-31 Oct,99,249.9,22.86,0,0,0
maize,31,1-10 Nov,0,253.2,23.32,0,0,0
maize,31,1-10 Nov,1,267.3,23.0,0,0,0
maize,31,1-10 Nov,2,283.9,22.63,0,0,0
maize,31,1-10 Nov,3,292.9,23.14,0,0,0
maize,31,1-10 Nov,4,274.9,22.75,0,0,0
maize,31,1-10 Nov,5,405.7,23.01,1,0,0
maize,31,1-10 Nov,6,317.3,23.01,0,0,0
maize,31,1-10 Nov,7,283.5,23.34,0,0,0
maize,31,1-10 Nov,8,272.3,23.32,0,0,0
maize,31,1-10 Nov,9,286.7,22.56,0,0,0
maize,31,1-10 Nov,10,300.1,23.76,0,0,0
maize,31,1-10 Nov,11,317.9,23.17,0,0,0
maize,31,1-10 Nov,12,293.5,23.18,0,0,0
maize,31,1-10 Nov,13,295.5,23.58,0,0,0
maize,31,1-10 Nov,14,319.3,22.46,0,0,0
maize,31,1-10 Nov,15,273.5,23.49,0,0,0
maize,31,1-10 Nov,16,284.1,22.95,0,0,0
maize,31,1-10 Nov,17,336.4,23.09,1,0,0
maize,31,1-10 Nov,18,278.0,22.85,0,0,0
maize,31,1-10 Nov,19,309.2,23.2,0,0,0
maize,31,1-10 Nov,20,301.1,23.21,0,0,0
maize,31,1-10 Nov,21,384.7,23.14,1,0,0
maize,31,1-10 Nov,22,284.1,23.05,0,0,0
maize,31,1-10 Nov,23,295.8,23.09,0,0,0
maize,31,1-10 Nov,24,405.1,22.84,1,0,0
maize,31,1-10 Nov,25,320.3,23.22,0,0,0
maize,31,1-10 Nov,26,375.0,23.06,1,0,0
maize,31,1-10 Nov,27,315.8,23.1,0,0,0
maize,31,1-10 Nov,28,268.3,22.62,0,0,0
maize,31,1-10 Nov,29,299.5,23.06,0,0,0
maize,31,1-10 Nov,30,294.0,22.56,0,0,0
maize,31,1-10 Nov,31,299.6,23.68,0,0,0
maize,31,1-10 Nov,32,293.4,23.53,0,0,0
maize,31,1-10 Nov,33,312.2,22.56,0,0,0
maize,31,1-10 Nov,34,269.0,23.25,0,0,0
maize,31,1-10 Nov,35,307.9,23.55,0,0,0
maize,31,1-10 Nov,36,281.8,23.26,0,0,0
maize,31,1-10 Nov,37,236.6,23.08,0,0,0
maize,31,1-10 Nov,38,277.5,23.41,0,0,0
maize,31,1-10 Nov,39,289.1,22.72,0,0,0
maize,31,1-10 Nov,40,272.0,23.07,0,0,0
maize,31,1-10 Nov,41,321.0,23.14,0,0,0
maize,31,1-10 Nov,42,303.9,22.78,0,0,0
maize,31,1-10 Nov,43,246.7,23.36,0,0,0
maize,31,1-10 Nov,44,323.7,22.79,0,0,0
maize,31,1-10 Nov,45,351.0,23.41,1,0,0
maize,31,1-10 Nov,46,309.4,23.25,0,0,0
maize,31,1-10 Nov,47,257.4,23.04,0,0,0
maize,31,1-10 Nov,48,269.2,23.24,0,0,0
maize,31,1-10 Nov,49,292.4,22.79,0,0,0
maize,31,1-10 Nov,50,292.3,22.64,0,0,0
maize,31,1-10 Nov,51,272.2,23.03,0,0,0
maize,31,1-10 Nov,52,310.5,23.0,0,0,0
maize,31,1-10 Nov,53,315.7,23.58,0,0,0
maize,31,1-10 Nov,54,265.9,22.96,0,0,0
maize,31,1-10 Nov,55,293.1,23.2,0,0,0
maize,31,1-10 Nov,56,294.5,23.11,0,0,0
maize,31,1-10 Nov,57,277.1,23.09,0,0,0
maize,31,1-10 Nov,58,355.8,23.38,1,0,0
maize,31,1-10 Nov,59,288.2,23.65,0,0,0
maize,31,1-10 Nov,60,293.7,23.48,0,0,0
maize,31,1-10 Nov,61,297.9,22.91,0,0,0
maize,31,1-10 Nov,62,270.5,23.14,0,0,0
maize,31,1-10 Nov,63,271.3,23.09,0,0,0
maize,31,1-10 Nov,64,300.1,23.36,0,0,0
maize,31,1-10 Nov,65,310.6,23.46,0,0,0
maize,31,1-10 Nov,66,248.7,23.79,0,0,0
maize,31,1-10 Nov,67,319.7,22.65,0,0,0
maize,31,1-10 Nov,68,279.5,22.89,0,0,0
maize,31,1-10 Nov,69,296.4,22.64,0,0,0
maize,31,1-10 Nov,70,272.7,23.34,0,0,0
maize,31,1-10 Nov,71,330.9,23.21,1,0,0
maize,31,1-10 Nov,72,327.4,23.32,0,0,0
maize,31,1-10 Nov,73,312.8,23.52,0,0,0
maize,31,1-10 Nov,74,245.3,23.75,0,0,0
maize,31,1-10 Nov,75,291.1,23.42,0,0,0
maize,31,1-10 Nov,76,267.0,22.88,0,0,0
maize,31,1-10 Nov,77,319.7,22.99,0,0,0
maize,31,1-10 Nov,78,311.9,23.12,0,0,0
maize,31,1-10 Nov,79,330.7,23.36,1,0,0
maize,31,1-10 Nov,80,333.9,23.25,1,0,0
maize,31,1-10 Nov,81,247.5,23.2,0,0,0
maize,31,1-10 Nov,82,324.4,23.31,0,0,0
maize,31,1-10 Nov,83,300.7,23.1,0,0,0
maize,31,1-10 Nov,84,317.1,23.23,0,0,0
maize,31,1-10 Nov,85,308.4,22.9,0,0,0
maize,31,1-10 Nov,86,271.2,23.06,0,0,0
maize,31,1-10 Nov,87,305.6,23.11,0,0,0
maize,31,1-10 Nov,88,317.9,23.32,0,0,0
maize,31,1-10 Nov,89,247.4,23.22,0,0,0
maize,31,1-10 Nov,90,271.9,23.03,0,0,0
maize,31,1-10 Nov,91,268.7,23.34,0,0,0
maize,31,1-10 Nov,92,386.5,23.16,1,0,0
maize,31,1-10 Nov,93,340.0,23.26,1,0,0
maize,31,1-10 Nov,94,222.7,23.45,0,0,0
maize,31,1-10 Nov,95,247.1,23.31,0,0,0
maize,31,1-10 Nov,96,311.2,23.23,0,0,0
maize,31,1-10 Nov,97,283.8,23.6,0,0,0
maize,31,1-10 Nov,98,298.2,23.76,0,0,0
maize,31,1-10 Nov,99,281.0,23.52,0,0,0
maize,32,11-20 Nov,0,331.2,23.77,1,0,0
maize,32,11-20 Nov,1,297.5,23.14,0,0,0
maize,32,11-20 Nov,2,376.5,23.23,1,0,0
maize,32,11-20 Nov,3,303.9,22.87,0,0,0
maize,32,11-20 Nov,4,337.4,23.1,1,0,0
maize,32,11-20 Nov,5,393.6,23.31,1,0,0
maize,32,11-20 Nov,6,297.9,23.03,0,0,0
maize,32,11-20 Nov,7,334.0,22.79,1,0,0
maize,32,11-20 Nov,8,350.3,23.16,1,0,0
maize,32,11-20 Nov,9,265.5,23.55,0,0,0
maize,32,11-20 Nov,10,323.3,23.37,0,0,0
maize,32,11-20 Nov,11,294.9,23.3,0,0,0
maize,32,11-20 Nov,12,299.0,23.42,0,0,0
maize,32,11-20 Nov,13,295.6,22.53,0,0,0
maize,32,11-20 Nov,14,308.3,23.02,0,0,0
maize,32,11-20 Nov,15,319.8,23.0,0,0,0
maize,32,11-20 Nov,16,308.7,23.04,0,0,0
maize,32,11-20 Nov,17,329.0,22.85,0,0,0
maize,32,11-20 Nov,18,309.8,22.89,0,0,0
maize,32,11-20 Nov,19,281.4,23.38,0,0,0
maize,32,11-20 Nov,20,287.7,22.74,0,0,0
maize,32,11-20 Nov,21,323.6,22.99,0,0,0
maize,32,11-20 Nov,22,340.3,22.98,1,0,0
maize,32,11-20 Nov,23,295.7,22.72,0,0,0
maize,32,11-20 Nov,24,322.3,23.45,0,0,0
maize,32,11-20 Nov,25,278.7,23.02,0,0,0
maize,32,11-20 Nov,26,313.4,23.3,0,0,0
maize,32,11-20 Nov,27,265.2,23.58,0,0,0
maize,32,11-20 Nov,28,289.9,23.33,0,0,0
maize,32,11-20 Nov,29,264.9,23.55,0,0,0
maize,32,11-20 Nov,30,303.4,23.25,0,0,0
maize,32,11-20 Nov,31,324.2,23.16,0,0,0
maize,32,11-20 Nov,32,286.1,22.72,0,0,0
maize,32,11-20 Nov,33,275.2,23.41,0,0,0
maize,32,11-20 Nov,34,331.3,22.91,1,0,0
maize,32,11-20 Nov,35,304.6,22.65,0,0,0
maize,32,11-20 Nov,36,306.3,22.89,0,0,0
maize,32,11-20 Nov,37,294.2,23.07,0,0,0
maize,32,11-20 Nov,38,343.7,23.11,1,0,0
maize,32,11-20 Nov,39,293.6,23.25,0,0,0
maize,32,11-20 Nov,40,301.9,23.37,0,0,0
maize,32,11-20 Nov,41,297.2,23.67,0,0,0
maize,32,11-20 Nov,42,259.1,22.73,0,0,0
maize,32,11-20 Nov,43,299.4,23.37,0,0,0
maize,32,11-20 Nov,44,346.2,23.1,1,0,0
maize,32,11-20 Nov,45,306.3,22.72,0,0,0
maize,32,11-20 Nov,46,244.7,23.95,0,0,0
maize,32,11-20 Nov,47,310.6,23.03,0,0,0
maize,32,11-20 Nov,48,275.6,22.97,0,0,0
maize,32,11-20 Nov,49,297.3,23.61,0,0,0
maize,32,11-20 Nov,50,264.3,23.33,0,0,0
maize,32,11-20 Nov,51,321.5,22.89,0,0,0
maize,32,11-20 Nov,52,217.3,22.99,0,0,0
maize,32,11-20 Nov,53,309.6,22.82,0,0,0
maize,32,11-20 Nov,54,316.6,23.43,0,0,0
maize,32,11-20 Nov,55,293.6,23.29,0,0,0
maize,32,11-20 Nov,56,269.1,23.24,0,0,0
maize,32,11-20 Nov,57,265.6,23.18,0,0,0
maize,32,11-20 Nov,58,291.0,23.24,0,0,0
maize,32,11-20 Nov,59,277.9,23.12,0,0,0
maize,32,11-20 Nov,60,282.5,23.52,0,0,0
maize,32,11-20 Nov,61,262.3,23.6,0,0,0
maize,32,11-20 Nov,62,296.8,22.97,0,0,0
maize,32,11-20 Nov,63,344.0,23.17,1,0,0
maize,32,11-20 Nov,64,310.8,22.71,0,0,0
maize,32,11-20 Nov,65,325.3,23.01,0,0,0
maize,32,11-20 Nov,66,318.6,23.32,0,0,0
maize,32,11-20 Nov,67,285.0,22.88,0,0,0
maize,32,11-20 Nov,68,237.7,23.15,0,0,0
maize,32,11-20 Nov,69,315.5,23.38,0,0,0
maize,32,11-20 Nov,70,281.3,23.44,0,0,0
maize,32,11-20 Nov,71,323.5,22.98,0,0,0
maize,32,11-20 Nov,72,239.3,22.89,0,0,0
maize,32,11-20 Nov,73,329.4,23.18,0,0,0
maize,32,11-20 Nov,74,318.9,23.04,0,0,0
maize,32,11-20 Nov,75,268.6,23.03,0,0,0
maize,32,11-20 Nov,76,317.6,23.05,0,0,0
maize,32,11-20 Nov,77,314.6,23.7,0,0,0
maize,32,11-20 Nov,78,319.8,22.98,0,0,0
maize,32,11-20 Nov,79,345.5,23.13,1,0,0
maize,32,11-20 Nov,80,349.2,23.06,1,0,0
maize,32,11-20 Nov,81,297.0,23.23,0,0,0
maize,32,11-20 Nov,82,275.2,23.01,0,0,0
maize,32,11-20 Nov,83,300.5,23.67,0,0,0
maize,32,11-20 Nov,84,397.2,23.18,1,0,0
maize,32,11-20 Nov,85,282.3,23.98,0,0,0
maize,32,11-20 Nov,86,302.2,23.35,0,0,0
maize,32,11-20 Nov,87,267.3,23.49,0,0,0
maize,32,11-20 Nov,88,270.0,22.95,0,0,0
maize,32,11-20 Nov,89,297.0,23.1,0,0,0
maize,32,11-20 Nov,90,338.8,22.69,1,0,0
maize,32,11-20 Nov,91,311.0,22.99,0,0,0
maize,32,11-20 Nov,92,326.2,23.05,0,0,0
maize,32,11-20 Nov,93,266.1,22.75,0,0,0
maize,32,11-20 Nov,94,374.3,23.16,1,0,0
maize,32,11-20 Nov,95,326.7,23.48,0,0,0
maize,32,11-20 Nov,96,259.6,22.87,0,0,0
maize,32,11-20 Nov,97,310.5,23.72,0,0,0
maize,32,11-20 Nov,98,253.1,22.85,0,0,0
maize,32,11-20 Nov,99,301.1,23.09,0,0,0
maize,33,21-30 Nov,0,303.6,23.54,0,0,0
maize,33,21-30 Nov,1,288.9,23.2,0,0,0
maize,33,21-30 Nov,2,277.6,22.93,0,0,0
maize,33,21-30 Nov,3,324.3,23.01,0,0,0
maize,33,21-30 Nov,4,295.1,23.08,0,0,0
maize,33,21-30 Nov,5,316.8,23.13,0,0,0
maize,33,21-30 Nov,6,278.9,22.32,0,0,0
maize,33,21-30 Nov,7,247.1,22.84,0,0,0
maize,33,21-30 Nov,8,395.8,22.93,1,0,0
maize,33,21-30 Nov,9,337.5,24.06,1,0,0
maize,33,21-30 Nov,10,285.9,22.57,0,0,0
maize,33,21-30 Nov,11,323.7,23.13,0,0,0
maize,33,21-30 Nov,12,369.5,23.6,1,0,0
maize,33,21-30 Nov,13,258.6,23.06,0,0,0
maize,33,21-30 Nov,14,294.8,23.31,0,0,0
maize,33,21-30 Nov,15,255.6,23.17,0,0,0
maize,33,21-30 Nov,16,339.3,23.47,1,0,0
maize,33,21-30 Nov,17,304.7,22.82,0,0,0
maize,33,21-30 Nov,18,321.3,22.65,0,0,0
maize,33,21-30 Nov,19,358.5,24.02,1,0,0
maize,33,21-30 Nov,20,314.1,22.67,0,0,0
maize,33,21-30 Nov,21,326.6,23.18,0,0,0
maize,33,21-30 Nov,22,408.8,23.48,1,0,0
maize,33,21-30 Nov,23,322.0,23.22,0,0,0
maize,33,21-30 Nov,24,332.4,23.11,1,0,0
maize,33,21-30 Nov,25,322.1,22.95,0,0,0
maize,33,21-30 Nov,26,266.6,23.43,0,0,0
maize,33,21-30 Nov,27,328.3,22.76,0,0,0
maize,33,21-30 Nov,28,297.6,23.32,0,0,0
maize,33,21-30 Nov,29,270.4,23.42,0,0,0
maize,33,21-30 Nov,30,351.3,22.83,1,0,0
maize,33,21-30 Nov,31,356.8,23.12,1,0,0
maize,33,21-30 Nov,32,322.7,22.87,0,0,0
maize,33,21-30 Nov,33,288.7,23.45,0,0,0
maize,33,21-30 Nov,34,262.3,23.03,0,0,0
maize,33,21-30 Nov,35,284.7,23.17,0,0,0
maize,33,21-30 Nov,36,347.1,23.44,1,0,0
maize,33,21-30 Nov,37,287.5,23.5,0,0,0
maize,33,21-30 Nov,38,296.8,23.18,0,0,0
maize,33,21-30 Nov,39,295.3,22.92,0,0,0
maize,33,21-30 Nov,40,323.5,22.59,0,0,0
maize,33,21-30 Nov,41,287.7,23.32,0,0,0
maize,33,21-30 Nov,42,356.3,23.37,1,0,0
maize,33,21-30 Nov,43,335.1,22.9,1,0,0
maize,33,21-30 Nov,44,336.8,22.78,1,0,0
maize,33,21-30 Nov,45,321.2,23.49,0,0,0
maize,33,21-30 Nov,46,342.0,23.56,1,0,0
maize,33,21-30 Nov,47,302.4,23.53,0,0,0
maize,33,21-30 Nov,48,211.0,23.21,0,0,0
maize,33,21-30 Nov,49,283.7,23.42,0,0,0
maize,33,21-30 Nov,50,314.0,23.54,0,0,0
maize,33,21-30 Nov,51,331.1,23.46,1,0,0
maize,33,21-30 Nov,52,291.1,23.41,0,0,0
maize,33,21-30 Nov,53,366.7,23.04,1,0,0
maize,33,21-30 Nov,54,272.8,23.85,0,0,0
maize,33,21-30 Nov,55,310.8,22.84,0,0,0
maize,33,21-30 Nov,56,292.7,24.0,0,0,0
maize,33,21-30 Nov,57,357.9,23.03,1,0,0
maize,33,21-30 Nov,58,345.0,22.93,1,0,0
maize,33,21-30 Nov,59,261.5,22.68,0,1,0
maize,33,21-30 Nov,60,303.3,23.27,0,0,0
maize,33,21-30 Nov,61,333.6,22.89,1,0,0
maize,33,21-30 Nov,62,372.6,23.39,1,0,0
maize,33,21-30 Nov,63,287.2,22.83,0,0,0
maize,33,21-30 Nov,64,264.5,22.66,0,0,0
maize,33,21-30 Nov,65,319.0,23.04,0,0,0
maize,33,21-30 Nov,66,361.1,23.43,1,0,0
maize,33,21-30 Nov,67,310.5,23.37,0,0,0
maize,33,21-30 Nov,68,287.2,23.1,0,0,0
maize,33,21-30 Nov,69,254.3,23.17,0,0,0
maize,33,21-30 Nov,70,337.7,23.48,1,0,0
maize,33,21-30 Nov,71,319.7,22.8,0,0,0
maize,33,21-30 Nov,72,301.6,22.72,0,0,0
maize,33,21-30 Nov,73,303.3,22.43,0,1,0
maize,33,21-30 Nov,74,250.7,23.61,0,0,0
maize,33,21-30 Nov,75,276.4,23.09,0,0,0
maize,33,21-30 Nov,76,283.3,22.88,0,0,0
maize,33,21-30 Nov,77,301.0,22.69,0,0,0
maize,33,21-30 Nov,78,245.9,23.2,0,0,0
maize,33,21-30 Nov,79,253.7,22.81,0,0,0
maize,33,21-30 Nov,80,289.4,22.79,0,0,0
maize,33,21-30 Nov,81,326.5,23.16,0,0,0
maize,33,21-30 Nov,82,301.5,23.78,0,0,0
maize,33,21-30 Nov,83,308.7,22.36,0,0,0
maize,33,21-30 Nov,84,309.6,23.02,0,0,0
maize,33,21-30 Nov,85,301.8,22.91,0,0,0
maize,33,21-30 Nov,86,292.3,23.44,0,0,0
maize,33,21-30 Nov,87,312.5,23.32,0,0,0
maize,33,21-30 Nov,88,270.6,23.22,0,0,0
maize,33,21-30 Nov,89,305.9,22.85,0,0,0
maize,33,21-30 Nov,90,320.3,23.92,0,0,0
maize,33,21-30 Nov,91,296.7,22.85,0,0,0
maize,33,21-30 Nov,92,315.8,23.16,0,0,0
maize,33,21-30 Nov,93,236.3,23.12,0,0,0
maize,33,21-30 Nov,94,262.8,23.07,0,0,0
maize,33,21-30 Nov,95,278.0,23.03,0,0,0
maize,33,21-30 Nov,96,353.8,23.03,1,0,0
maize,33,21-30 Nov,97,313.0,23.07,0,0,0
maize,33,21-30 Nov,98,229.2,23.47,0,0,0
maize,33,21-30 Nov,99,318.0,23.37,0,0,0
beans,25,1-10 Sep,0,195.9,22.83,0,0,0
beans,25,1-10 Sep,1,287.4,23.5,1,0,0
beans,25,1-10 Sep,2,217.6,23.57,1,0,0
beans,25,1-10 Sep,3,245.9,23.98,1,0,1
beans,25,1-10 Sep,4,221.9,23.76,1,0,0
beans,25,1-10 Sep,5,227.8,23.76,1,0,0
beans,25,1-10 Sep,6,196.3,22.49,0,0,0
beans,25,1-10 Sep,7,260.3,22.53,1,0,0
beans,25,1-10 Sep,8,252.1,24.09,1,0,1
beans,25,1-10 Sep,9,228.6,22.57,1,0,0
beans,25,1-10 Sep,10,260.0,23.28,1,0,0
beans,25,1-10 Sep,11,213.6,23.29,1,0,0
beans,25,1-10 Sep,12,213.7,23.04,1,0,0
beans,25,1-10 Sep,13,244.7,22.87,1,0,0
beans,25,1-10 Sep,14,223.2,23.27,1,0,0
beans,25,1-10 Sep,15,221.3,23.39,1,0,0
beans,25,1-10 Sep,16,318.9,22.64,1,0,0
beans,25,1-10 Sep,17,190.9,23.5,0,1,0
beans,25,1-10 Sep,18,255.3,22.66,1,0,0
beans,25,1-10 Sep,19,248.3,22.63,1,0,0
beans,25,1-10 Sep,20,245.4,23.64,1,0,0
beans,25,1-10 Sep,21,216.3,23.46,1,0,0
beans,25,1-10 Sep,22,180.5,23.05,0,0,0
beans,25,1-10 Sep,23,257.3,23.85,1,0,0
beans,25,1-10 Sep,24,246.6,23.47,1,0,0
beans,25,1-10 Sep,25,245.0,22.95,1,0,0
beans,25,1-10 Sep,26,212.1,22.99,1,0,0
beans,25,1-10 Sep,27,227.3,22.51,1,0,0
beans,25,1-10 Sep,28,263.5,23.03,1,0,0
beans,25,1-10 Sep,29,212.4,23.03,1,0,0
beans,25,1-10 Sep,30,197.5,23.4,0,0,0
beans,25,1-10 Sep,31,243.2,22.36,1,0,0
beans,25,1-10 Sep,32,225.5,22.7,1,0,0
beans,25,1-10 Sep,33,309.9,22.96,1,0,0
beans,25,1-10 Sep,34,260.4,23.8,1,0,0
beans,25,1-10 Sep,35,261.4,23.19,1,0,0
beans,25,1-10 Sep,36,196.9,23.28,0,0,0
beans,25,1-10 Sep,37,201.4,23.8,1,0,0
beans,25,1-10 Sep,38,273.3,23.61,1,0,0
beans,25,1-10 Sep,39,244.4,22.86,1,0,0
beans,25,1-10 Sep,40,216.0,23.14,1,0,0
beans,25,1-10 Sep,41,239.5,23.14,1,0,0
beans,25,1-10 Sep,42,236.9,23.45,1,0,0
beans,25,1-10 Sep,43,214.1,22.66,1,0,0
beans,25,1-10 Sep,44,257.2,22.92,1,0,0
beans,25,1-10 Sep,45,247.3,22.9,1,0,0
beans,25,1-10 Sep,46,234.0,23.34,1,0,0
beans,25,1-10 Sep,47,274.6,22.22,1,0,0
beans,25,1-10 Sep,48,238.7,23.51,1,0,0
beans,25,1-10 Sep,49,263.0,23.26,1,0,0
beans,25,1-10 Sep,50,258.8,22.27,1,0,0
beans,25,1-10 Sep,51,231.8,22.94,1,0,0
beans,25,1-10 Sep,52,270.6,22.93,1,0,0
beans,25,1-10 Sep,53,249.7,22.65,1,0,0
beans,25,1-10 Sep,54,279.3,23.01,1,0,0
beans,25,1-10 Sep,55,227.9,22.43,1,0,0
beans,25,1-10 Sep,56,222.5,23.72,1,0,0
beans,25,1-10 Sep,57,251.2,23.16,1,0,0
beans,25,1-10 Sep,58,231.0,23.41,1,0,0
beans,25,1-10 Sep,59,260.7,23.05,1,0,0
beans,25,1-10 Sep,60,230.3,22.81,1,0,0
beans,25,1-10 Sep,61,198.7,23.29,0,0,0
beans,25,1-10 Sep,62,256.1,23.61,1,0,0
beans,25,1-10 Sep,63,231.6,23.04,1,0,0
beans,25,1-10 Sep,64,278.3,23.72,1,0,0
beans,25,1-10 Sep,65,249.5,23.6,1,0,0
beans,25,1-10 Sep,66,225.0,22.87,1,0,0
beans,25,1-10 Sep,67,215.4,22.78,1,0,0
beans,25,1-10 Sep,68,242.1,22.95,1,0,0
beans,25,1-10 Sep,69,235.2,23.13,1,0,0
beans,25,1-10 Sep,70,232.3,22.87,1,0,0
beans,25,1-10 Sep,71,250.5,23.36,1,0,0
beans,25,1-10 Sep,72,215.1,23.87,1,0,0
beans,25,1-10 Sep,73,287.9,23.08,1,0,0
beans,25,1-10 Sep,74,211.4,23.4,1,0,0
beans,25,1-10 Sep,75,210.4,23.46,1,0,0
beans,25,1-10 Sep,76,275.8,22.67,1,0,0
beans,25,1-10 Sep,77,223.0,23.88,1,0,0
beans,25,1-10 Sep,78,264.9,23.15,1,0,0
beans,25,1-10 Sep,79,238.2,22.58,1,0,0
beans,25,1-10 Sep,80,193.4,23.41,0,1,0
beans,25,1-10 Sep,81,262.3,23.51,1,0,0
beans,25,1-10 Sep,82,277.5,23.81,1,0,0
beans,25,1-10 Sep,83,215.1,22.61,1,0,0
beans,25,1-10 Sep,84,267.5,23.45,1,0,0
beans,25,1-10 Sep,85,232.0,23.81,1,0,0
beans,25,1-10 Sep,86,227.8,23.41,1,0,0
beans,25,1-10 Sep,87,235.1,22.85,1,0,0
beans,25,1-10 Sep,88,269.9,22.77,1,0,0
beans,25,1-10 Sep,89,251.7,23.8,1,0,0
beans,25,1-10 Sep,90,270.5,22.53,1,0,0
beans,25,1-10 Sep,91,221.3,22.96,1,1,0
beans,25,1-10 Sep,92,288.5,23.34,1,0,0
beans,25,1-10 Sep,93,329.3,23.58,1,0,0
beans,25,1-10 Sep,94,229.4,22.79,1,0,0
beans,25,1-10 Sep,95,194.8,23.37,0,0,0
beans,25,1-10 Sep,96,261.6,23.1,1,0,0
beans,25,1-10 Sep,97,299.7,23.69,1,0,0
beans,25,1-10 Sep,98,237.1,22.68,1,0,0
beans,25,1-10 Sep,99,219.3,23.37,1,0,0
beans,26,11-20 Sep,0,245.7,22.77,1,0,0
beans,26,11-20 Sep,1,270.4,23.39,1,1,0
beans,26,11-20 Sep,2,218.3,22.27,1,0,0
beans,26,11-20 Sep,3,261.4,23.19,1,0,0
beans,26,11-20 Sep,4,255.0,23.11,1,0,0
beans,26,11-20 Sep,5,242.0,23.77,1,0,0
beans,26,11-20 Sep,6,226.4,22.96,1,0,0
beans,26,11-20 Sep,7,228.1,23.21,1,0,0
beans,26,11-20 Sep,8,259.1,22.35,1,0,0
beans,26,11-20 Sep,9,273.6,23.03,1,0,0
beans,26,11-20 Sep,10,206.7,23.12,1,0,0
beans,26,11-20 Sep,11,239.9,23.36,1,0,0
beans,26,11-20 Sep,12,260.4,23.5,1,0,0
beans,26,11-20 Sep,13,228.5,22.92,1,0,0
beans,26,11-20 Sep,14,236.2,22.87,1,0,0
beans,26,11-20 Sep,15,284.8,23.12,1,0,0
beans,26,11-20 Sep,16,261.4,23.59,1,0,0
beans,26,11-20 Sep,17,260.6,22.92,1,0,0
beans,26,11-20 Sep,18,265.4,22.84,1,0,0
beans,26,11-20 Sep,19,238.3,23.39,1,0,0
beans,26,11-20 Sep,20,227.3,23.54,1,0,0
beans,26,11-20 Sep,21,277.8,23.75,1,0,0
beans,26,11-20 Sep,22,226.8,23.2,1,0,0
beans,26,11-20 Sep,23,247.8,22.73,1,0,0
beans,26,11-20 Sep,24,258.1,23.16,1,0,0
beans,26,11-20 Sep,25,240.9,23.39,1,0,0
beans,26,11-20 Sep,26,204.1,23.52,1,1,0
beans,26,11-20 Sep,27,257.2,22.77,1,0,0
beans,26,11-20 Sep,28,282.9,22.5,1,0,0
beans,26,11-20 Sep,29,204.0,22.73,1,0,0
beans,26,11-20 Sep,30,233.7,23.23,1,0,0
beans,26,11-20 Sep,31,276.2,23.48,1,0,0
beans,26,11-20 Sep,32,242.9,23.21,1,0,0
beans,26,11-20 Sep,33,299.9,22.82,1,0,0
beans,26,11-20 Sep,34,264.7,23.51,1,0,0
beans,26,11-20 Sep,35,241.8,23.44,1,0,0
beans,26,11-20 Sep,36,238.2,23.74,1,0,0
beans,26,11-20 Sep,37,230.1,23.32,1,1,0
beans,26,11-20 Sep,38,276.0,22.9,1,0,0
beans,26,11-20 Sep,39,238.5,23.67,1,0,0
beans,26,11-20 Sep,40,238.2,23.6,1,0,0
beans,26,11-20 Sep,41,287.4,23.47,1,0,0
beans,26,11-20 Sep,42,233.4,23.38,1,0,0
beans,26,11-20 Sep,43,239.4,23.56,1,0,0
beans,26,11-20 Sep,44,246.2,22.97,1,0,0
beans,26,11-20 Sep,45,219.6,22.97,1,0,0
beans,26,11-20 Sep,46,245.0,23.91,1,0,1
beans,26,11-20 Sep,47,199.7,23.25,0,1,0
beans,26,11-20 Sep,48,246.3,22.89,1,0,0
beans,26,11-20 Sep,49,177.8,22.85,0,1,0
beans,26,11-20 Sep,50,220.5,23.26,1,0,0
beans,26,11-20 Sep,51,217.8,24.06,1,0,1
beans,26,11-20 Sep,52,213.9,23.7,1,0,0
beans,26,11-20 Sep,53,251.5,22.71,1,0,0
beans,26,11-20 Sep,54,225.7,23.68,1,0,0
beans,26,11-20 Sep,55,260.6,22.75,1,0,0
beans,26,11-20 Sep,56,212.3,23.47,1,0,0
beans,26,11-20 Sep,57,298.1,22.97,1,0,0
beans,26,11-20 Sep,58,202.9,23.5,1,0,0
beans,26,11-20 Sep,59,254.3,22.86,1,0,0
beans,26,11-20 Sep,60,276.6,23.11,1,0,0
beans,26,11-20 Sep,61,221.5,22.3,1,1,0
beans,26,11-20 Sep,62,229.9,22.16,1,0,0
beans,26,11-20 Sep,63,249.6,22.87,1,0,0
beans,26,11-20 Sep,64,286.8,22.12,1,0,0
beans,26,11-20 Sep,65,239.0,22.86,1,1,0
beans,26,11-20 Sep,66,233.5,24.13,1,0,1
beans,26,11-20 Sep,67,257.0,22.63,1,0,0
beans,26,11-20 Sep,68,205.2,23.65,1,0,0
beans,26,11-20 Sep,69,241.4,23.23,1,0,0
beans,26,11-20 Sep,70,249.5,22.4,1,0,0
beans,26,11-20 Sep,71,208.0,22.86,1,1,0
beans,26,11-20 Sep,72,263.6,23.1,1,0,0
beans,26,11-20 Sep,73,276.4,23.7,1,0,0
beans,26,11-20 Sep,74,284.6,23.2,1,0,0
beans,26,11-20 Sep,75,278.2,23.42,1,0,0
beans,26,11-20 Sep,76,221.8,23.08,1,0,0
beans,26,11-20 Sep,77,258.4,23.41,1,0,0
beans,26,11-20 Sep,78,262.5,22.94,1,0,0
beans,26,11-20 Sep,79,208.3,22.67,1,0,0
beans,26,11-20 Sep,80,284.2,23.66,1,0,0
beans,26,11-20 Sep,81,245.7,23.97,1,0,1
beans,26,11-20 Sep,82,265.1,23.22,1,0,0
beans,26,11-20 Sep,83,220.0,23.48,1,0,0
beans,26,11-20 Sep,84,239.3,22.99,1,0,0
beans,26,11-20 Sep,85,261.1,23.37,1,0,0
beans,26,11-20 Sep,86,258.9,23.56,1,0,0
beans,26,11-20 Sep,87,269.3,22.95,1,0,0
beans,26,11-20 Sep,88,260.6,23.71,1,0,0
beans,26,11-20 Sep,89,247.8,22.79,1,0,0
beans,26,11-20 Sep,90,226.7,23.01,1,0,0
beans,26,11-20 Sep,91,250.5,23.57,1,0,0
beans,26,11-20 Sep,92,202.9,23.16,1,0,0
beans,26,11-20 Sep,93,234.5,23.19,1,0,0
beans,26,11-20 Sep,94,241.1,22.58,1,1,0
beans,26,11-20 Sep,95,300.8,23.24,1,0,0
beans,26,11-20 Sep,96,248.1,22.71,1,0,0
beans,26,11-20 Sep,97,274.5,22.67,1,0,0
beans,26,11-20 Sep,98,233.2,23.35,1,0,0
beans,26,11-20 Sep,99,259.0,23.2,1,0,0
beans,27,21-30 Sep,0,207.6,23.13,1,0,0
beans,27,21-30 Sep,1,236.2,22.26,1,0,0
beans,27,21-30 Sep,2,255.3,23.14,1,0,0
beans,27,21-30 Sep,3,264.3,22.48,1,0,0
beans,27,21-30 Sep,4,256.7,23.68,1,0,0
beans,27,21-30 Sep,5,266.5,22.84,1,0,0
beans,27,21-30 Sep,6,236.4,22.86,1,0,0
beans,27,21-30 Sep,7,286.7,23.32,1,0,0
beans,27,21-30 Sep,8,277.2,22.16,1,0,0
beans,27,21-30 Sep,9,283.3,23.45,1,0,0
beans,27,21-30 Sep,10,259.1,22.93,1,0,0
beans,27,21-30 Sep,11,250.9,23.02,1,0,0
beans,27,21-30 Sep,12,249.2,22.47,1,0,0
beans,27,21-30 Sep,13,300.9,23.01,1,0,0
beans,27,21-30 Sep,14,208.5,23.53,1,0,0
beans,27,21-30 Sep,15,276.1,22.74,1,0,0
beans,27,21-30 Sep,16,260.0,23.3,1,0,0
beans,27,21-30 Sep,17,243.2,23.35,1,0,0
beans,27,21-30 Sep,18,303.4,23.34,1,0,0
beans,27,21-30 Sep,19,239.1,23.54,1,0,0
beans,27,21-30 Sep,20,270.6,23.83,1,0,0
beans,27,21-30 Sep,21,271.3,22.69,1,0,0
beans,27,21-30 Sep,22,243.0,23.38,1,0,0
beans,27,21-30 Sep,23,241.8,23.13,1,0,0
beans,27,21-30 Sep,24,239.7,22.14,1,0,0
beans,27,21-30 Sep,25,276.8,23.29,1,0,0
beans,27,21-30 Sep,26,229.6,22.54,1,1,0
beans,27,21-30 Sep,27,237.8,22.61,1,0,0
beans,27,21-30 Sep,28,239.2,23.23,1,0,0
beans,27,21-30 Sep,29,278.7,23.5,1,0,0
beans,27,21-30 Sep,30,310.9,23.18,1,0,0
beans,27,21-30 Sep,31,250.2,22.87,1,0,0
beans,27,21-30 Sep,32,282.9,23.2,1,0,0
beans,27,21-30 Sep,33,237.5,23.5,1,0,0
beans,27,21-30 Sep,34,265.1,23.59,1,0,0
beans,27,21-30 Sep,35,208.9,23.45,1,0,0
beans,27,21-30 Sep,36,236.6,23.22,1,0,0
beans,27,21-30 Sep,37,234.9,23.05,1,0,0
beans,27,21-30 Sep,38,233.4,23.76,1,0,0
beans,27,21-30 Sep,39,236.4,23.26,1,0,0
beans,27,21-30 Sep,40,217.0,22.87,1,0,0
beans,27,21-30 Sep,41,222.4,22.36,1,0,0
beans,27,21-30 Sep,42,243.0,23.49,1,1,0
beans,27,21-30 Sep,43,234.6,23.2,1,0,0
beans,27,21-30 Sep,44,229.9,22.77,1,0,0
beans,27,21-30 Sep,45,256.9,23.3,1,0,0
beans,27,21-30 Sep,46,254.6,22.74,1,0,0
beans,27,21-30 Sep,47,274.8,22.85,1,0,0
beans,27,21-30 Sep,48,274.3,22.65,1,0,0
beans,27,21-30 Sep,49,247.9,23.21,1,1,0
beans,27,21-30 Sep,50,265.2,23.58,1,0,0
beans,27,21-30 Sep,51,267.3,23.03,1,0,0
beans,27,21-30 Sep,52,207.5,22.86,1,0,0
beans,27,21-30 Sep,53,259.5,23.16,1,0,0
beans,27,21-30 Sep,54,207.2,22.92,1,0,0
beans,27,21-30 Sep,55,252.6,23.28,1,0,0
beans,27,21-30 Sep,56,230.1,23.33,1,0,0
beans,27,21-30 Sep,57,267.9,22.99,1,0,0
beans,27,21-30 Sep,58,207.5,23.0,1,0,0
beans,27,21-30 Sep,59,207.7,22.9,1,1,0
beans,27,21-30 Sep,60,265.0,22.91,1,0,0
beans,27,21-30 Sep,61,288.6,22.9,1,0,0
beans,27,21-30 Sep,62,243.6,23.34,1,0,0
beans,27,21-30 Sep,63,234.3,22.38,1,0,0
beans,27,21-30 Sep,64,267.8,22.99,1,0,0
beans,27,21-30 Sep,65,232.2,22.76,1,0,0
beans,27,21-30 Sep,66,260.6,23.32,1,0,0
beans,27,21-30 Sep,67,208.3,23.38,1,0,0
beans,27,21-30 Sep,68,269.2,23.21,1,0,0
beans,27,21-30 Sep,69,280.0,23.86,1,0,0
beans,27,21-30 Sep,70,267.3,23.52,1,0,0
beans,27,21-30 Sep,71,214.7,23.67,1,0,0
beans,27,21-30 Sep,72,245.1,23.04,1,0,0
beans,27,21-30 Sep,73,244.9,23.2,1,0,0
beans,27,21-30 Sep,74,283.5,23.08,1,0,0
beans,27,21-30 Sep,75,252.2,23.13,1,0,0
beans,27,21-30 Sep,76,243.1,23.3,1,0,0
beans,27,21-30 Sep,77,262.7,23.32,1,0,0
beans,27,21-30 Sep,78,260.7,23.08,1,0,0
beans,27,21-30 Sep,79,197.4,23.48,0,1,0
beans,27,21-30 Sep,80,206.5,22.19,1,0,0
beans,27,21-30 Sep,81,270.2,23.97,1,0,1
beans,27,21-30 Sep,82,269.9,23.37,1,0,0
beans,27,21-30 Sep,83,218.2,23.7,1,0,0
beans,27,21-30 Sep,84,292.5,22.78,1,0,0
beans,27,21-30 Sep,85,248.3,22.47,1,0,0
beans,27,21-30 Sep,86,289.0,23.07,1,0,0
beans,27,21-30 Sep,87,275.2,22.95,1,0,0
beans,27,21-30 Sep,88,306.1,23.84,1,0,0
beans,27,21-30 Sep,89,239.3,23.67,1,0,0
beans,27,21-30 Sep,90,220.1,22.87,1,0,0
beans,27,21-30 Sep,91,268.3,22.85,1,0,0
beans,27,21-30 Sep,92,278.8,22.99,1,0,0
beans,27,21-30 Sep,93,246.7,23.12,1,0,0
beans,27,21-30 Sep,94,246.2,22.36,1,0,0
beans,27,21-30 Sep,95,313.9,22.98,1,0,0
beans,27,21-30 Sep,96,230.6,23.4,1,0,0
beans,27,21-30 Sep,97,250.8,23.22,1,0,0
beans,27,21-30 Sep,98,201.2,23.22,1,0,0
beans,27,21-30 Sep,99,252.4,22.76,1,0,0
beans,28,1-10 Oct,0,235.9,23.0,1,0,0
beans,28,1-10 Oct,1,258.8,23.23,1,0,0
beans,28,1-10 Oct,2,246.2,23.3,1,0,0
beans,28,1-10 Oct,3,280.6,22.99,1,0,0
beans,28,1-10 Oct,4,239.8,23.0,1,0,0
beans,28,1-10 Oct,5,266.2,22.89,1,0,0
beans,28,1-10 Oct,6,271.9,22.28,1,0,0
beans,28,1-10 Oct,7,298.7,23.12,1,0,0
beans,28,1-10 Oct,8,241.6,22.43,1,0,0
beans,28,1-10 Oct,9,283.0,22.73,1,0,0
beans,28,1-10 Oct,10,279.4,22.5,1,0,0
beans,28,1-10 Oct,11,278.2,23.09,1,0,0
beans,28,1-10 Oct,12,235.1,22.7,1,0,0
beans,28,1-10 Oct,13,273.0,22.38,1,0,0
beans,28,1-10 Oct,14,285.7,23.27,1,0,0
beans,28,1-10 Oct,15,313.2,23.15,1,0,0
beans,28,1-10 Oct,16,221.5,23.85,1,0,0
beans,28,1-10 Oct,17,211.7,23.58,1,0,0
beans,28,1-10 Oct,18,282.0,22.98,1,0,0
beans,28,1-10 Oct,19,240.2,22.73,1,0,0
beans,28,1-10 Oct,20,271.1,22.46,1,0,0
beans,28,1-10 Oct,21,301.7,23.58,1,0,0
beans,28,1-10 Oct,22,235.3,22.6,1,0,0
beans,28,1-10 Oct,23,253.5,23.16,1,0,0
beans,28,1-10 Oct,24,251.5,23.83,1,0,0
beans,28,1-10 Oct,25,214.0,23.1,1,0,0
beans,28,1-10 Oct,26,227.3,23.08,1,0,0
beans,28,1-10 Oct,27,230.7,23.09,1,0,0
beans,28,1-10 Oct,28,245.1,23.19,1,0,0
beans,28,1-10 Oct,29,268.5,23.23,1,0,0
beans,28,1-10 Oct,30,253.4,23.03,1,0,0
beans,28,1-10 Oct,31,272.9,22.74,1,0,0
beans,28,1-10 Oct,32,282.2,22.77,1,0,0
beans,28,1-10 Oct,33,254.2,23.62,1,0,0
beans,28,1-10 Oct,34,216.6,22.86,1,0,0
beans,28,1-10 Oct,35,203.1,22.71,1,0,0
beans,28,1-10 Oct,36,237.4,22.97,1,0,0
beans,28,1-10 Oct,37,259.1,23.15,1,0,0
beans,28,1-10 Oct,38,222.0,23.23,1,1,0
beans,28,1-10 Oct,39,259.3,23.07,1,0,0
beans,28,1-10 Oct,40,250.8,23.07,1,0,0
beans,28,1-10 Oct,41,274.2,23.5,1,0,0
beans,28,1-10 Oct,42,241.6,22.83,1,0,0
beans,28,1-10 Oct,43,270.4,23.21,1,0,0
beans,28,1-10 Oct,44,231.2,22.89,1,0,0
beans,28,1-10 Oct,45,251.5,22.72,1,0,0
beans,28,1-10 Oct,46,199.2,22.94,0,0,0
beans,28,1-10 Oct,47,258.7,22.97,1,0,0
beans,28,1-10 Oct,48,267.9,23.14,1,0,0
beans,28,1-10 Oct,49,220.5,22.6,1,0,0
beans,28,1-10 Oct,50,228.8,23.23,1,0,0
beans,28,1-10 Oct,51,286.3,22.99,1,0,0
beans,28,1-10 Oct,52,274.1,22.89,1,0,0
beans,28,1-10 Oct,53,252.8,23.35,1,0,0
beans,28,1-10 Oct,54,260.8,21.99,1,0,0
beans,28,1-10 Oct,55,237.4,23.52,1,0,0
beans,28,1-10 Oct,56,222.1,22.64,1,0,0
beans,28,1-10 Oct,57,251.5,22.8,1,0,0
beans,28,1-10 Oct,58,247.6,23.39,1,0,0
beans,28,1-10 Oct,59,264.6,23.59,1,0,0
beans,28,1-10 Oct,60,228.3,22.43,1,0,0
beans,28,1-10 Oct,61,229.6,22.32,1,0,0
beans,28,1-10 Oct,62,247.7,23.25,1,0,0
beans,28,1-10 Oct,63,251.2,22.67,1,0,0
beans,28,1-10 Oct,64,299.6,23.6,1,0,0
beans,28,1-10 Oct,65,250.4,22.49,1,0,0
beans,28,1-10 Oct,66,255.7,22.87,1,0,0
beans,28,1-10 Oct,67,256.2,23.5,1,0,0
beans,28,1-10 Oct,68,231.2,22.67,1,0,0
beans,28,1-10 Oct,69,237.2,22.96,1,0,0
beans,28,1-10 Oct,70,236.0,22.66,1,0,0
beans,28,1-10 Oct,71,192.0,22.82,0,0,0
beans,28,1-10 Oct,72,222.4,22.89,1,0,0
beans,28,1-10 Oct,73,245.9,22.02,1,0,0
beans,28,1-10 Oct,74,208.5,22.58,1,0,0
beans,28,1-10 Oct,75,217.2,23.9,1,0,0
beans,28,1-10 Oct,76,243.9,22.94,1,0,0
beans,28,1-10 Oct,77,286.9,22.82,1,0,0
beans,28,1-10 Oct,78,248.6,23.07,1,0,0
beans,28,1-10 Oct,79,268.5,22.77,1,0,0
beans,28,1-10 Oct,80,261.0,23.36,1,0,0
beans,28,1-10 Oct,81,258.5,22.65,1,0,0
beans,28,1-10 Oct,82,235.2,22.81,1,0,0
beans,28,1-10 Oct,83,249.7,22.62,1,0,0
beans,28,1-10 Oct,84,243.8,22.57,1,0,0
beans,28,1-10 Oct,85,273.5,23.08,1,0,0
beans,28,1-10 Oct,86,253.7,22.64,1,0,0
beans,28,1-10 Oct,87,284.9,23.06,1,0,0
beans,28,1-10 Oct,88,243.0,22.78,1,0,0
beans,28,1-10 Oct,89,248.0,23.23,1,0,0
beans,28,1-10 Oct,90,237.8,22.45,1,0,0
beans,28,1-10 Oct,91,254.9,23.3,1,0,0
beans,28,1-10 Oct,92,257.8,23.21,1,0,0
beans,28,1-10 Oct,93,263.5,23.06,1,0,0
beans,28,1-10 Oct,94,258.0,23.68,1,0,0
beans,28,1-10 Oct,95,255.2,22.99,1,0,0
beans,28,1-10 Oct,96,238.3,23.11,1,0,0
beans,28,1-10 Oct,97,221.2,23.34,1,0,0
beans,28,1-10 Oct,98,276.8,23.56,1,0,0
beans,28,1-10 Oct,99,262.5,22.8,1,0,0
beans,29,11-20 Oct,0,270.6,23.44,1,0,0
beans,29,11-20 Oct,1,230.1,22.46,1,0,0
beans,29,11-20 Oct,2,243.5,23.73,1,0,0
beans,29,11-20 Oct,3,210.3,22.65,1,0,0
beans,29,11-20 Oct,4,242.9,22.57,1,0,0
beans,29,11-20 Oct,5,262.7,23.29,1,0,0
beans,29,11-20 Oct,6,237.6,22.11,1,0,0
beans,29,11-20 Oct,7,287.0,22.91,1,0,0
beans,29,11-20 Oct,8,246.9,22.61,1,0,0
beans,29,11-20 Oct,9,247.9,22.94,1,0,0
beans,29,11-20 Oct,10,280.6,23.13,1,0,0
beans,29,11-20 Oct,11,251.3,22.73,1,0,0
beans,29,11-20 Oct,12,237.7,23.17,1,0,0
beans,29,11-20 Oct,13,222.4,22.64,1,0,0
beans,29,11-20 Oct,14,290.3,23.36,1,0,0
beans,29,11-20 Oct,15,216.9,23.4,1,0,0
beans,29,11-20 Oct,16,201.1,22.7,1,0,0
beans,29,11-20 Oct,17,252.1,23.14,1,0,0
beans,29,11-20 Oct,18,237.7,22.67,1,0,0
beans,29,11-20 Oct,19,246.7,22.32,1,0,0
beans,29,11-20 Oct,20,255.4,22.67,1,0,0
beans,29,11-20 Oct,21,261.4,23.04,1,0,0
beans,29,11-20 Oct,22,295.9,22.38,1,0,0
beans,29,11-20 Oct,23,256.1,23.39,1,0,0
beans,29,11-20 Oct,24,302.3,22.76,1,0,0
beans,29,11-20 Oct,25,278.8,22.96,1,0,0
beans,29,11-20 Oct,26,297.5,22.88,1,0,0
beans,29,11-20 Oct,27,234.9,22.31,1,0,0
beans,29,11-20 Oct,28,280.0,23.29,1,0,0
beans,29,11-20 Oct,29,229.2,23.11,1,0,0
beans,29,11-20 Oct,30,285.7,22.76,1,0,0
beans,29,11-20 Oct,31,213.6,23.44,1,0,0
beans,29,11-20 Oct,32,261.3,23.15,1,0,0
beans,29,11-20 Oct,33,258.1,22.47,1,0,0
beans,29,11-20 Oct,34,224.4,22.93,1,0,0
beans,29,11-20 Oct,35,244.3,22.59,1,0,0
beans,29,11-20 Oct,36,245.3,22.82,1,0,0
beans,29,11-20 Oct,37,273.2,22.9,1,0,0
beans,29,11-20 Oct,38,265.6,23.3,1,0,0
beans,29,11-20 Oct,39,240.5,22.57,1,0,0
beans,29,11-20 Oct,40,253.9,22.45,1,0,0
beans,29,11-20 Oct,41,253.6,22.68,1,0,0
beans,29,11-20 Oct,42,270.9,22.92,1,0,0
beans,29,11-20 Oct,43,208.4,23.34,1,0,0
beans,29,11-20 Oct,44,217.3,23.21,1,0,0
beans,29,11-20 Oct,45,274.3,22.68,1,0,0
beans,29,11-20 Oct,46,242.7,21.98,1,0,0
beans,29,11-20 Oct,47,224.9,23.02,1,0,0
beans,29,11-20 Oct,48,260.8,22.91,1,0,0
beans,29,11-20 Oct,49,210.8,22.98,1,0,0
beans,29,11-20 Oct,50,198.9,23.31,0,0,0
beans,29,11-20 Oct,51,219.3,23.1,1,0,0
beans,29,11-20 Oct,52,281.8,23.36,1,0,0
beans,29,11-20 Oct,53,219.5,23.43,1,0,0
beans,29,11-20 Oct,54,281.1,21.96,1,0,0
beans,29,11-20 Oct,55,250.4,22.75,1,0,0
beans,29,11-20 Oct,56,235.2,22.75,1,0,0
beans,29,11-20 Oct,57,245.0,23.08,1,0,0
beans,29,11-20 Oct,58,248.0,22.67,1,0,0
beans,29,11-20 Oct,59,268.8,22.56,1,0,0
beans,29,11-20 Oct,60,214.4,22.87,1,0,0
beans,29,11-20 Oct,61,208.4,22.95,1,0,0
beans,29,11-20 Oct,62,299.7,23.07,1,0,0
beans,29,11-20 Oct,63,222.7,22.65,1,0,0
beans,29,11-20 Oct,64,255.5,23.28,1,0,0
beans,29,11-20 Oct,65,276.2,23.45,1,0,0
beans,29,11-20 Oct,66,272.0,22.53,1,0,0
beans,29,11-20 Oct,67,260.0,22.78,1,0,0
beans,29,11-20 Oct,68,281.4,22.76,1,0,0
beans,29,11-20 Oct,69,244.8,23.1,1,0,0
beans,29,11-20 Oct,70,256.0,22.86,1,0,0
beans,29,11-20 Oct,71,241.2,22.68,1,0,0
beans,29,11-20 Oct,72,263.1,23.3,1,0,0
beans,29,11-20 Oct,73,249.7,22.81,1,0,0
beans,29,11-20 Oct,74,223.4,23.39,1,0,0
beans,29,11-20 Oct,75,203.9,22.69,1,0,0
beans,29,11-20 Oct,76,267.1,23.69,1,0,0
beans,29,11-20 Oct,77,209.2,23.06,1,0,0
beans,29,11-20 Oct,78,238.4,22.88,1,0,0
beans,29,11-20 Oct,79,231.9,22.1,1,0,0
beans,29,11-20 Oct,80,251.9,22.24,1,0,0
beans,29,11-20 Oct,81,249.7,22.77,1,0,0
beans,29,11-20 Oct,82,262.8,23.62,1,0,0
beans,29,11-20 Oct,83,246.3,23.29,1,0,0
beans,29,11-20 Oct,84,238.3,22.73,1,0,0
beans,29,11-20 Oct,85,201.4,23.23,1,0,0
beans,29,11-20 Oct,86,220.2,23.25,1,0,0
beans,29,11-20 Oct,87,239.0,22.59,1,0,0
beans,29,11-20 Oct,88,231.9,22.24,1,0,0
beans,29,11-20 Oct,89,208.3,22.76,1,0,0
beans,29,11-20 Oct,90,224.1,23.28,1,0,0
beans,29,11-20 Oct,91,269.6,22.75,1,0,0
beans,29,11-20 Oct,92,226.9,23.0,1,0,0
beans,29,11-20 Oct,93,235.1,23.47,1,0,0
beans,29,11-20 Oct,94,276.7,23.24,1,0,0
beans,29,11-20 Oct,95,260.1,22.73,1,0,0
beans,29,11-20 Oct,96,276.7,23.31,1,0,0
beans,29,11-20 Oct,97,248.7,23.43,1,0,0
beans,29,11-20 Oct,98,247.1,23.46,1,0,0
beans,29,11-20 Oct,99,294.2,23.33,1,0,0
beans,30,21-31 Oct,0,212.8,22.51,1,0,0
beans,30,21-31 Oct,1,243.4,22.5,1,0,0
beans,30,21-31 Oct,2,227.7,23.08,1,0,0
beans,30,21-31 Oct,3,256.1,23.58,1,0,0
beans,30,21-31 Oct,4,247.1,23.08,1,0,0
beans,30,21-31 Oct,5,243.6,23.12,1,0,0
beans,30,21-31 Oct,6,188.4,22.58,0,0,0
beans,30,21-31 Oct,7,248.3,22.55,1,0,0
beans,30,21-31 Oct,8,200.0,23.03,1,0,0
beans,30,21-31 Oct,9,234.9,23.54,1,0,0
beans,30,21-31 Oct,10,204.6,22.58,1,0,0
beans,30,21-31 Oct,11,215.9,23.08,1,0,0
beans,30,21-31 Oct,12,194.5,23.13,0,0,0
beans,30,21-31 Oct,13,284.3,22.73,1,0,0
beans,30,21-31 Oct,14,257.8,22.54,1,0,0
beans,30,21-31 Oct,15,235.7,22.4,1,0,0
beans,30,21-31 Oct,16,243.1,22.5,1,0,0
beans,30,21-31 Oct,17,268.6,22.73,1,0,0
beans,30,21-31 Oct,18,224.0,22.92,1,0,0
beans,30,21-31 Oct,19,249.3,23.15,1,0,0
beans,30,21-31 Oct,20,249.4,23.05,1,0,0
beans,30,21-31 Oct,21,241.1,22.92,1,0,0
beans,30,21-31 Oct,22,226.6,23.28,1,0,0
beans,30,21-31 Oct,23,226.7,23.0,1,0,0
beans,30,21-31 Oct,24,231.8,22.72,1,0,0
beans,30,21-31 Oct,25,232.7,23.58,1,0,0
beans,30,21-31 Oct,26,196.6,22.91,0,0,0
beans,30,21-31 Oct,27,215.3,22.99,1,0,0
beans,30,21-31 Oct,28,200.2,22.51,1,0,0
beans,30,21-31 Oct,29,209.4,22.82,1,0,0
beans,30,21-31 Oct,30,244.2,22.84,1,0,0
beans,30,21-31 Oct,31,214.6,22.64,1,0,0
beans,30,21-31 Oct,32,234.6,23.44,1,0,0
beans,30,21-31 Oct,33,249.6,23.1,1,0,0
beans,30,21-31 Oct,34,264.0,23.03,1,0,0
beans,30,21-31 Oct,35,226.7,23.42,1,0,0
beans,30,21-31 Oct,36,248.1,22.83,1,0,0
beans,30,21-31 Oct,37,201.4,22.84,1,0,0
beans,30,21-31 Oct,38,233.0,22.99,1,0,0
beans,30,21-31 Oct,39,215.2,23.47,1,0,0
beans,30,21-31 Oct,40,239.9,23.08,1,0,0
beans,30,21-31 Oct,41,251.3,22.42,1,0,0
beans,30,21-31 Oct,42,202.4,22.89,1,0,0
beans,30,21-31 Oct,43,241.2,23.17,1,0,0
beans,30,21-31 Oct,44,240.5,22.81,1,0,0
beans,30,21-31 Oct,45,234.0,22.78,1,0,0
beans,30,21-31 Oct,46,224.3,22.86,1,0,0
beans,30,21-31 Oct,47,252.3,22.54,1,0,0
beans,30,21-31 Oct,48,222.5,22.4,1,0,0
beans,30,21-31 Oct,49,245.5,23.17,1,0,0
beans,30,21-31 Oct,50,250.1,23.15,1,0,0
beans,30,21-31 Oct,51,254.6,22.62,1,0,0
beans,30,21-31 Oct,52,220.5,22.64,1,0,0
beans,30,21-31 Oct,53,230.9,23.58,1,0,0
beans,30,21-31 Oct,54,257.4,23.74,1,0,0
beans,30,21-31 Oct,55,210.3,22.11,1,0,0
beans,30,21-31 Oct,56,223.4,22.09,1,0,0
beans,30,21-31 Oct,57,202.7,23.14,1,0,0
beans,30,21-31 Oct,58,268.1,23.69,1,0,0
beans,30,21-31 Oct,59,228.0,22.2,1,0,0
beans,30,21-31 Oct,60,243.3,23.47,1,0,0
beans,30,21-31 Oct,61,229.1,21.82,1,0,0
beans,30,21-31 Oct,62,216.4,22.71,1,0,0
beans,30,21-31 Oct,63,217.8,22.35,1,0,0
beans,30,21-31 Oct,64,260.2,22.6,1,0,0
beans,30,21-31 Oct,65,247.9,22.12,1,0,0
beans,30,21-31 Oct,66,225.2,23.37,1,0,0
beans,30,21-31 Oct,67,275.1,22.72,1,0,0
beans,30,21-31 Oct,68,236.6,22.81,1,0,0
beans,30,21-31 Oct,69,227.7,23.56,1,0,0
beans,30,21-31 Oct,70,215.6,22.92,1,0,0
beans,30,21-31 Oct,71,258.4,23.73,1,0,0
beans,30,21-31 Oct,72,267.2,22.57,1,0,0
beans,30,21-31 Oct,73,220.7,22.26,1,0,0
beans,30,21-31 Oct,74,226.3,23.18,1,0,0
beans,30,21-31 Oct,75,253.1,23.36,1,0,0
beans,30,21-31 Oct,76,265.7,22.96,1,0,0
beans,30,21-31 Oct,77,204.5,22.36,1,0,0
beans,30,21-31 Oct,78,243.8,22.8,1,0,0
beans,30,21-31 Oct,79,232.4,22.8,1,0,0
beans,30,21-31 Oct,80,246.1,22.19,1,0,0
beans,30,21-31 Oct,81,216.3,22.75,1,0,0
beans,30,21-31 Oct,82,229.3,22.62,1,0,0
beans,30,21-31 Oct,83,230.0,22.94,1,0,0
beans,30,21-31 Oct,84,234.5,23.05,1,0,0
beans,30,21-31 Oct,85,206.0,23.38,1,0,0
beans,30,21-31 Oct,86,261.8,22.89,1,0,0
beans,30,21-31 Oct,87,225.7,23.36,1,0,0
beans,30,21-31 Oct,88,229.0,22.85,1,0,0
beans,30,21-31 Oct,89,209.8,23.16,1,0,0
beans,30,21-31 Oct,90,232.7,22.6,1,0,0
beans,30,21-31 Oct,91,226.9,23.32,1,0,0
beans,30,21-31 Oct,92,219.1,23.06,1,0,0
beans,30,21-31 Oct,93,228.1,23.5,1,0,0
beans,30,21-31 Oct,94,208.6,22.92,1,0,0
beans,30,21-31 Oct,95,213.5,23.42,1,0,0
beans,30,21-31 Oct,96,254.0,22.9,1,0,0
beans,30,21-31 Oct,97,239.3,22.94,1,0,0
beans,30,21-31 Oct,98,206.9,23.72,1,0,0
beans,30,21-31 Oct,99,216.5,22.9,1,0,0
beans,31,1-10 Nov,0,186.3,22.83,0,0,0
beans,31,1-10 Nov,1,179.6,22.78,0,0,0
beans,31,1-10 Nov,2,207.1,22.04,1,0,0
beans,31,1-10 Nov,3,225.0,23.37,1,0,0
beans,31,1-10 Nov,4,176.7,23.12,0,0,0
beans,31,1-10 Nov,5,245.2,22.97,1,0,0
beans,31,1-10 Nov,6,210.1,22.88,1,0,0
beans,31,1-10 Nov,7,205.9,23.41,1,0,0
beans,31,1-10 Nov,8,193.2,23.18,0,0,0
beans,31,1-10 Nov,9,211.6,22.58,1,0,0
beans,31,1-10 Nov,10,221.9,24.45,1,0,1
beans,31,1-10 Nov,11,222.1,23.43,1,0,0
beans,31,1-10 Nov,12,175.9,23.04,0,0,0
beans,31,1-10 Nov,13,201.7,23.37,1,0,0
beans,31,1-10 Nov,14,222.0,22.33,1,0,0
beans,31,1-10 Nov,15,234.2,22.97,1,0,0
beans,31,1-10 Nov,16,233.7,22.97,1,0,0
beans,31,1-10 Nov,17,240.6,22.96,1,0,0
beans,31,1-10 Nov,18,216.4,22.59,1,0,0
beans,31,1-10 Nov,19,227.8,23.59,1,0,0
beans,31,1-10 Nov,20,203.9,22.61,1,0,0
beans,31,1-10 Nov,21,210.7,23.64,1,0,0
beans,31,1-10 Nov,22,215.2,22.47,1,0,0
beans,31,1-10 Nov,23,207.6,22.84,1,0,0
beans,31,1-10 Nov,24,229.9,22.71,1,0,0
beans,31,1-10 Nov,25,252.8,23.08,1,0,0
beans,31,1-10 Nov,26,210.8,23.03,1,0,0
beans,31,1-10 Nov,27,220.5,23.54,1,0,0
beans,31,1-10 Nov,28,224.4,22.24,1,0,0
beans,31,1-10 Nov,29,215.6,22.6,1,0,0
beans,31,1-10 Nov,30,202.7,22.38,1,0,0
beans,31,1-10 Nov,31,207.0,22.98,1,0,0
beans,31,1-10 Nov,32,176.8,23.69,0,0,0
beans,31,1-10 Nov,33,196.7,22.48,0,0,0
beans,31,1-10 Nov,34,192.9,22.98,0,0,0
beans,31,1-10 Nov,35,235.4,23.37,1,0,0
beans,31,1-10 Nov,36,219.6,22.81,1,0,0
beans,31,1-10 Nov,37,196.6,23.22,0,0,0
beans,31,1-10 Nov,38,212.9,23.05,1,0,0
beans,31,1-10 Nov,39,190.8,22.49,0,0,0
beans,31,1-10 Nov,40,191.8,23.0,0,0,0
beans,31,1-10 Nov,41,225.4,22.56,1,0,0
beans,31,1-10 Nov,42,233.6,22.79,1,0,0
beans,31,1-10 Nov,43,189.6,23.66,0,0,0
beans,31,1-10 Nov,44,203.7,22.99,1,0,0
beans,31,1-10 Nov,45,236.6,23.34,1,0,0
beans,31,1-10 Nov,46,197.4,23.17,0,0,0
beans,31,1-10 Nov,47,201.4,22.75,1,0,0
beans,31,1-10 Nov,48,199.1,23.34,0,0,0
beans,31,1-10 Nov,49,216.3,22.81,1,0,0
beans,31,1-10 Nov,50,218.7,22.78,1,0,0
beans,31,1-10 Nov,51,186.0,22.25,0,0,0
beans,31,1-10 Nov,52,215.0,23.37,1,0,0
beans,31,1-10 Nov,53,215.9,23.73,1,0,0
beans,31,1-10 Nov,54,189.4,22.99,0,0,0
beans,31,1-10 Nov,55,206.4,22.78,1,0,0
beans,31,1-10 Nov,56,228.0,22.7,1,0,0
beans,31,1-10 Nov,57,191.1,23.05,0,0,0
beans,31,1-10 Nov,58,222.8,23.84,1,0,0
beans,31,1-10 Nov,59,194.3,23.61,0,0,0
beans,31,1-10 Nov,60,203.1,23.2,1,0,0
beans,31,1-10 Nov,61,218.2,22.92,1,0,0
beans,31,1-10 Nov,62,188.7,23.05,0,0,0
beans,31,1-10 Nov,63,200.2,23.13,1,0,0
beans,31,1-10 Nov,64,211.6,23.34,1,0,0
beans,31,1-10 Nov,65,235.1,23.46,1,0,0
beans,31,1-10 Nov,66,201.0,23.22,1,0,0
beans,31,1-10 Nov,67,241.6,22.59,1,0,0
beans,31,1-10 Nov,68,189.1,22.53,0,0,0
beans,31,1-10 Nov,69,205.9,22.73,1,0,0
beans,31,1-10 Nov,70,172.5,22.81,0,0,0
beans,31,1-10 Nov,71,210.0,22.59,1,0,0
beans,31,1-10 Nov,72,206.9,23.15,1,0,0
beans,31,1-10 Nov,73,210.5,23.54,1,0,0
beans,31,1-10 Nov,74,166.7,23.24,0,0,0
beans,31,1-10 Nov,75,215.7,22.97,1,0,0
beans,31,1-10 Nov,76,214.5,22.72,1,0,0
beans,31,1-10 Nov,77,209.2,23.04,1,0,0
beans,31,1-10 Nov,78,216.9,23.16,1,0,0
beans,31,1-10 Nov,79,228.5,23.75,1,0,0
beans,31,1-10 Nov,80,228.8,22.72,1,0,0
beans,31,1-10 Nov,81,189.2,23.29,0,0,0
beans,31,1-10 Nov,82,198.8,22.91,0,0,0
beans,31,1-10 Nov,83,205.3,22.61,1,0,0
beans,31,1-10 Nov,84,196.4,22.78,0,0,0
beans,31,1-10 Nov,85,217.9,22.72,1,0,0
beans,31,1-10 Nov,86,191.9,22.87,0,0,0
beans,31,1-10 Nov,87,224.2,22.58,1,0,0
beans,31,1-10 Nov,88,231.4,23.0,1,0,0
beans,31,1-10 Nov,89,176.2,22.77,0,0,0
beans,31,1-10 Nov,90,216.8,22.93,1,0,0
beans,31,1-10 Nov,91,213.4,23.55,1,0,0
beans,31,1-10 Nov,92,215.9,22.92,1,0,0
beans,31,1-10 Nov,93,210.8,23.33,1,0,0
beans,31,1-10 Nov,94,159.2,23.2,0,0,0
beans,31,1-10 Nov,95,179.0,23.01,0,0,0
beans,31,1-10 Nov,96,195.9,22.91,0,0,0
beans,31,1-10 Nov,97,201.1,23.27,1,0,0
beans,31,1-10 Nov,98,188.0,23.32,0,0,0
beans,31,1-10 Nov,99,200.8,22.85,1,0,0
beans,32,11-20 Nov,0,221.4,23.65,1,0,0
beans,32,11-20 Nov,1,187.0,23.43,0,0,0
beans,32,11-20 Nov,2,235.2,23.62,1,0,0
beans,32,11-20 Nov,3,174.5,22.89,0,0,0
beans,32,11-20 Nov,4,183.4,23.15,0,0,0
beans,32,11-20 Nov,5,207.3,24.26,1,0,1
beans,32,11-20 Nov,6,206.6,23.57,1,0,0
beans,32,11-20 Nov,7,209.9,23.14,1,0,0
beans,32,11-20 Nov,8,205.3,23.22,1,0,0
beans,32,11-20 Nov,9,173.6,23.11,0,0,0
beans,32,11-20 Nov,10,190.2,23.08,0,0,0
beans,32,11-20 Nov,11,176.5,23.06,0,0,0
beans,32,11-20 Nov,12,171.8,23.8,0,0,0
beans,32,11-20 Nov,13,173.2,22.57,0,0,0
beans,32,11-20 Nov,14,204.6,23.06,1,0,0
beans,32,11-20 Nov,15,217.6,23.38,1,0,0
beans,32,11-20 Nov,16,214.3,23.12,1,0,0
beans,32,11-20 Nov,17,176.7,23.0,0,0,0
beans,32,11-20 Nov,18,174.6,22.93,0,0,0
beans,32,11-20 Nov,19,182.7,23.41,0,0,0
beans,32,11-20 Nov,20,180.2,22.53,0,0,0
beans,32,11-20 Nov,21,191.1,22.66,0,0,0
beans,32,11-20 Nov,22,213.3,22.15,1,0,0
beans,32,11-20 Nov,23,188.2,23.11,0,0,0
beans,32,11-20 Nov,24,156.9,23.19,0,0,0
beans,32,11-20 Nov,25,183.5,22.93,0,0,0
beans,32,11-20 Nov,26,210.8,22.52,1,0,0
beans,32,11-20 Nov,27,163.9,23.79,0,0,0
beans,32,11-20 Nov,28,168.0,22.99,0,0,0
beans,32,11-20 Nov,29,186.4,23.25,0,0,0
beans,32,11-20 Nov,30,176.2,23.03,0,0,0
beans,32,11-20 Nov,31,225.7,22.74,1,0,0
beans,32,11-20 Nov,32,167.5,22.68,0,0,0
beans,32,11-20 Nov,33,178.1,23.11,0,0,0
beans,32,11-20 Nov,34,222.1,23.37,1,0,0
beans,32,11-20 Nov,35,189.0,22.79,0,0,0
beans,32,11-20 Nov,36,188.9,22.95,0,0,0
beans,32,11-20 Nov,37,175.5,22.75,0,0,0
beans,32,11-20 Nov,38,165.8,23.23,0,0,0
beans,32,11-20 Nov,39,199.1,23.15,0,0,0
beans,32,11-20 Nov,40,212.0,23.44,1,0,0
beans,32,11-20 Nov,41,175.1,23.4,0,0,0
beans,32,11-20 Nov,42,167.2,23.14,0,0,0
beans,32,11-20 Nov,43,199.5,23.36,0,0,0
beans,32,11-20 Nov,44,205.6,23.16,1,0,0
beans,32,11-20 Nov,45,189.8,22.86,0,0,0
beans,32,11-20 Nov,46,150.5,23.35,0,0,0
beans,32,11-20 Nov,47,180.2,22.75,0,0,0
beans,32,11-20 Nov,48,192.0,22.9,0,0,0
beans,32,11-20 Nov,49,168.8,24.02,0,0,1
beans,32,11-20 Nov,50,196.1,22.82,0,0,0
beans,32,11-20 Nov,51,170.8,22.77,0,0,0
beans,32,11-20 Nov,52,132.3,22.94,0,0,0
beans,32,11-20 Nov,53,174.4,22.95,0,0,0
beans,32,11-20 Nov,54,218.5,23.46,1,0,0
beans,32,11-20 Nov,55,170.6,23.82,0,0,0
beans,32,11-20 Nov,56,169.9,22.92,0,0,0
beans,32,11-20 Nov,57,187.6,22.5,0,0,0
beans,32,11-20 Nov,58,193.3,22.96,0,0,0
beans,32,11-20 Nov,59,191.1,22.69,0,0,0
beans,32,11-20 Nov,60,207.5,23.67,1,0,0
beans,32,11-20 Nov,61,184.7,23.61,0,0,0
beans,32,11-20 Nov,62,197.6,22.91,0,0,0
beans,32,11-20 Nov,63,210.8,23.09,1,0,0
beans,32,11-20 Nov,64,173.1,22.66,0,0,0
beans,32,11-20 Nov,65,195.1,22.52,0,0,0
beans,32,11-20 Nov,66,226.5,23.13,1,0,0
beans,32,11-20 Nov,67,158.2,22.78,0,0,0
beans,32,11-20 Nov,68,167.8,23.12,0,0,0
beans,32,11-20 Nov,69,175.3,23.55,0,0,0
beans,32,11-20 Nov,70,185.4,22.93,0,0,0
beans,32,11-20 Nov,71,220.7,22.85,1,0,0
beans,32,11-20 Nov,72,165.8,22.88,0,0,0
beans,32,11-20 Nov,73,217.2,22.98,1,0,0
beans,32,11-20 Nov,74,194.9,23.31,0,0,0
beans,32,11-20 Nov,75,187.9,22.88,0,0,0
beans,32,11-20 Nov,76,213.7,22.75,1,0,0
beans,32,11-20 Nov,77,203.3,23.77,1,0,0
beans,32,11-20 Nov,78,172.5,22.94,0,0,0
beans,32,11-20 Nov,79,220.2,22.95,1,0,0
beans,32,11-20 Nov,80,183.7,22.78,0,0,0
beans,32,11-20 Nov,81,173.8,23.52,0,0,0
beans,32,11-20 Nov,82,197.3,22.98,0,0,0
beans,32,11-20 Nov,83,173.5,24.21,0,0,1
beans,32,11-20 Nov,84,204.1,23.43,1,0,0
beans,32,11-20 Nov,85,206.6,24.16,1,0,1
beans,32,11-20 Nov,86,177.8,23.82,0,0,0
beans,32,11-20 Nov,87,183.0,23.48,0,0,0
beans,32,11-20 Nov,88,189.3,23.23,0,0,0
beans,32,11-20 Nov,89,191.0,23.29,0,0,0
beans,32,11-20 Nov,90,218.9,22.81,1,0,0
beans,32,11-20 Nov,91,202.6,22.81,1,0,0
beans,32,11-20 Nov,92,155.0,22.99,0,0,0
beans,32,11-20 Nov,93,185.0,23.75,0,0,0
beans,32,11-20 Nov,94,242.7,22.83,1,0,0
beans,32,11-20 Nov,95,207.5,23.32,1,0,0
beans,32,11-20 Nov,96,199.7,23.02,0,0,0
beans,32,11-20 Nov,97,191.9,23.68,0,0,0
beans,32,11-20 Nov,98,176.4,22.99,0,0,0
beans,32,11-20 Nov,99,187.3,23.1,0,0,0
beans,33,21-30 Nov,0,159.6,23.35,0,0,0
beans,33,21-30 Nov,1,148.5,23.56,0,0,0
beans,33,21-30 Nov,2,150.4,23.26,0,0,0
beans,33,21-30 Nov,3,160.6,23.28,0,0,0
beans,33,21-30 Nov,4,146.3,23.21,0,0,0
beans,33,21-30 Nov,5,152.5,23.58,0,0,0
beans,33,21-30 Nov,6,141.8,22.71,0,0,0
beans,33,21-30 Nov,7,138.3,22.98,0,0,0
beans,33,21-30 Nov,8,201.5,23.57,1,0,0
beans,33,21-30 Nov,9,183.3,24.55,0,0,1
beans,33,21-30 Nov,10,144.1,22.76,0,0,0
beans,33,21-30 Nov,11,130.6,23.65,0,0,0
beans,33,21-30 Nov,12,191.1,24.07,0,0,1
beans,33,21-30 Nov,13,146.5,23.16,0,0,0
beans,33,21-30 Nov,14,150.9,23.62,0,0,0
beans,33,21-30 Nov,15,138.7,23.52,0,0,0
beans,33,21-30 Nov,16,154.4,23.19,0,0,0
beans,33,21-30 Nov,17,164.6,23.5,0,0,0
beans,33,21-30 Nov,18,189.4,22.88,0,0,0
beans,33,21-30 Nov,19,198.3,23.86,0,0,0
beans,33,21-30 Nov,20,163.2,23.13,0,0,0
beans,33,21-30 Nov,21,183.7,23.54,0,0,0
beans,33,21-30 Nov,22,180.4,23.32,0,0,0
beans,33,21-30 Nov,23,196.8,23.4,0,0,0
beans,33,21-30 Nov,24,184.0,23.39,0,0,0
beans,33,21-30 Nov,25,213.9,22.94,1,0,0
beans,33,21-30 Nov,26,168.4,24.01,0,0,1
beans,33,21-30 Nov,27,180.1,23.33,0,0,0
beans,33,21-30 Nov,28,161.0,23.48,0,0,0
beans,33,21-30 Nov,29,136.6,23.43,0,0,0
beans,33,21-30 Nov,30,162.5,23.35,0,0,0
beans,33,21-30 Nov,31,187.5,23.85,0,0,0
beans,33,21-30 Nov,32,163.0,23.16,0,0,0
beans,33,21-30 Nov,33,150.8,23.4,0,0,0
beans,33,21-30 Nov,34,163.1,23.57,0,0,0
beans,33,21-30 Nov,35,171.7,23.13,0,0,0
beans,33,21-30 Nov,36,166.3,23.51,0,0,0
beans,33,21-30 Nov,37,169.5,23.74,0,0,0
beans,33,21-30 Nov,38,163.7,23.37,0,0,0
beans,33,21-30 Nov,39,174.5,23.07,0,0,0
beans,33,21-30 Nov,40,147.1,23.04,0,0,0
beans,33,21-30 Nov,41,134.5,23.67,0,0,0
beans,33,21-30 Nov,42,206.5,22.99,1,0,0
beans,33,21-30 Nov,43,151.0,22.62,0,0,0
beans,33,21-30 Nov,44,168.9,23.64,0,0,0
beans,33,21-30 Nov,45,182.6,23.36,0,0,0
beans,33,21-30 Nov,46,144.6,24.14,0,0,1
beans,33,21-30 Nov,47,154.1,24.19,0,0,1
beans,33,21-30 Nov,48,129.0,23.3,0,0,0
beans,33,21-30 Nov,49,172.1,23.82,0,0,0
beans,33,21-30 Nov,50,185.8,24.25,0,0,1
beans,33,21-30 Nov,51,180.7,23.83,0,0,0
beans,33,21-30 Nov,52,173.8,23.97,0,0,1
beans,33,21-30 Nov,53,202.0,23.04,1,0,0
beans,33,21-30 Nov,54,145.8,24.0,0,0,1
beans,33,21-30 Nov,55,181.4,23.27,0,0,0
beans,33,21-30 Nov,56,161.4,23.82,0,0,0
beans,33,21-30 Nov,57,185.1,23.24,0,0,0
beans,33,21-30 Nov,58,187.0,23.33,0,0,0
beans,33,21-30 Nov,59,105.7,22.78,0,0,0
beans,33,21-30 Nov,60,160.5,23.16,0,0,0
beans,33,21-30 Nov,61,182.8,23.66,0,0,0
beans,33,21-30 Nov,62,162.2,23.63,0,0,0
beans,33,21-30 Nov,63,168.7,23.22,0,0,0
beans,33,21-30 Nov,64,166.8,22.67,0,0,0
beans,33,21-30 Nov,65,151.0,23.09,0,0,0
beans,33,21-30 Nov,66,174.6,23.74,0,0,0
beans,33,21-30 Nov,67,181.1,23.83,0,0,0
beans,33,21-30 Nov,68,139.6,23.78,0,0,0
beans,33,21-30 Nov,69,134.7,22.86,0,0,0
beans,33,21-30 Nov,70,176.4,23.73,0,0,0
beans,33,21-30 Nov,71,160.7,22.83,0,0,0
beans,33,21-30 Nov,72,171.9,23.26,0,0,0
beans,33,21-30 Nov,73,149.2,22.7,0,0,0
beans,33,21-30 Nov,74,153.8,24.09,0,0,1
beans,33,21-30 Nov,75,188.6,23.73,0,0,0
beans,33,21-30 Nov,76,148.0,23.16,0,0,0
beans,33,21-30 Nov,77,140.2,22.81,0,0,0
beans,33,21-30 Nov,78,142.4,23.38,0,0,0
beans,33,21-30 Nov,79,169.7,22.82,0,0,0
beans,33,21-30 Nov,80,160.3,23.34,0,0,0
beans,33,21-30 Nov,81,172.8,23.46,0,0,0
beans,33,21-30 Nov,82,145.1,24.32,0,0,1
beans,33,21-30 Nov,83,141.0,22.79,0,0,0
beans,33,21-30 Nov,84,152.2,23.19,0,0,0
beans,33,21-30 Nov,85,158.5,22.96,0,0,0
beans,33,21-30 Nov,86,168.2,23.58,0,0,0
beans,33,21-30 Nov,87,134.9,23.31,0,0,0
beans,33,21-30 Nov,88,136.1,23.75,0,0,0
beans,33,21-30 Nov,89,143.8,22.89,0,0,0
beans,33,21-30 Nov,90,186.4,24.25,0,0,1
beans,33,21-30 Nov,91,168.9,22.64,0,0,0
beans,33,21-30 Nov,92,167.4,23.2,0,0,0
beans,33,21-30 Nov,93,131.9,23.2,0,0,0
beans,33,21-30 Nov,94,155.3,23.63,0,0,0
beans,33,21-30 Nov,95,165.7,23.52,0,0,0
beans,33,21-30 Nov,96,212.5,23.11,1,0,0
beans,33,21-30 Nov,97,163.9,23.45,0,0,0
beans,33,21-30 Nov,98,160.6,23.5,0,0,0
beans,33,21-30 Nov,99,187.8,23.71,0,0,0
